transaction_id,decision_id,score,decision,reasons,latency_ms,model_version
replay_0,fc18225e-dc8a-4031-806f-c054bfd5c043,0.004853,APPROVE,Transaction type is high-risk; Accounting inconsistency in receiver balance; Sender account emptied to zero after transaction,42.431,lgbm_v1
replay_1,d9985c1a-82b8-47c1-abe2-fb21d8ea9fc6,0.004901,APPROVE,Accounting inconsistency in sender balance; Sender account emptied to zero after transaction; Accounting inconsistency in receiver balance,3.143,lgbm_v1
replay_2,256ade8e-acb3-4d97-a19c-6f743c38bb64,0.004853,APPROVE,Accounting inconsistency in receiver balance; Unusually large transaction amount; Transaction type is high-risk,2.751,lgbm_v1
replay_3,ea244c73-22de-47ba-b72b-cb7e907e7ead,0.004905,APPROVE,Accounting inconsistency in sender balance; Sender account emptied to zero after transaction; Accounting inconsistency in receiver balance,2.982,lgbm_v1
replay_4,72cb7eac-5283-4ae6-a2bb-0e0f3ece6980,0.004895,APPROVE,Accounting inconsistency in sender balance; Sender account emptied to zero after transaction; Accounting inconsistency in receiver balance,2.922,lgbm_v1
replay_5,25d8eefe-54b2-4361-ab99-24b8f6a672fe,0.004905,APPROVE,Accounting inconsistency in sender balance; Sender account emptied to zero after transaction; Accounting inconsistency in receiver balance,2.885,lgbm_v1
replay_6,fc457c3c-644e-40a6-ab74-870721b1465f,0.004905,APPROVE,Accounting inconsistency in sender balance; Sender account emptied to zero after transaction; Accounting inconsistency in receiver balance,3.026,lgbm_v1
replay_7,e49d95df-9c84-487a-9c2f-8bec1f7a8e1f,0.004929,APPROVE,Accounting inconsistency in sender balance; Sender account emptied to zero after transaction; Unusually large transaction amount,2.659,lgbm_v1
replay_8,94461a74-be80-4f1e-ae76-139c39b72c33,0.022596,REVIEW,Sender account emptied to zero after transaction; Accounting inconsistency in receiver balance; Unusually large transaction amount,3.422,lgbm_v1
replay_9,3cd62a8e-4376-4d3f-9536-bbb4ad95b27e,0.004843,APPROVE,Sender account emptied to zero after transaction; Accounting inconsistency in receiver balance; Accounting inconsistency in sender balance,3.428,lgbm_v1
replay_10,0050e1c6-00b3-4beb-b3d6-d395a02d0ff1,0.004843,APPROVE,Sender account emptied to zero after transaction; Accounting inconsistency in sender balance; Accounting inconsistency in receiver balance,2.631,lgbm_v1
replay_11,fbbcd5ad-2ace-486e-9235-2ae11aa8d894,0.007721,APPROVE,Sender account emptied to zero after transaction; Account being drained — amount near full balance; Accounting inconsistency in sender balance,2.642,lgbm_v1
replay_12,2e5ac357-779f-427f-9b2e-f9f6103e9eff,0.004843,APPROVE,Sender account emptied to zero after transaction; Accounting inconsistency in sender balance; Accounting inconsistency in receiver balance,3.03,lgbm_v1
replay_13,dc34761c-45d6-4882-b884-744092d3daa0,0.004901,APPROVE,Accounting inconsistency in sender balance; Sender account emptied to zero after transaction; Accounting inconsistency in receiver balance,2.609,lgbm_v1
replay_14,7b283a3a-eae0-48b4-a468-8ebe538d4756,0.004853,APPROVE,Transaction type is high-risk; Unusually large transaction amount; Sender account emptied to zero after transaction,2.525,lgbm_v1
replay_15,8d4bd744-fe31-4e46-bdb0-bb00a7e42ab1,0.004901,APPROVE,Accounting inconsistency in sender balance; Sender account emptied to zero after transaction; Accounting inconsistency in receiver balance,3.223,lgbm_v1
replay_16,33b0f302-dfc0-4435-acc4-f816144558b7,0.004843,APPROVE,Sender account emptied to zero after transaction; Accounting inconsistency in sender balance; Accounting inconsistency in receiver balance,2.674,lgbm_v1
replay_17,90e99b2a-b594-4a77-91fd-a653872d6a7f,0.004953,APPROVE,Accounting inconsistency in sender balance; Sender account emptied to zero after transaction; Unusually large transaction amount,3.304,lgbm_v1
replay_18,fdd3c203-3eb5-4f94-932c-996eeae0c68e,0.004898,APPROVE,Accounting inconsistency in sender balance; Sender account emptied to zero after transaction; Accounting inconsistency in receiver balance,2.769,lgbm_v1
replay_19,21c05e10-f524-4eda-b9d8-0a7cf7fd68e6,0.004905,APPROVE,Accounting inconsistency in sender balance; Sender account emptied to zero after transaction; Accounting inconsistency in receiver balance,3.246,lgbm_v1
replay_20,28dfd940-676b-4f02-95eb-5ef8207429f8,0.004853,APPROVE,Transaction type is high-risk; Accounting inconsistency in receiver balance; Sender account emptied to zero after transaction,2.759,lgbm_v1
replay_21,aa223b25-d0dc-47fc-9880-d3e9d3e8f70f,0.004843,APPROVE,Sender account emptied to zero after transaction; Accounting inconsistency in sender balance; Accounting inconsistency in receiver balance,2.784,lgbm_v1
replay_22,0113a21c-94dd-4894-b36c-a2ec87c7867b,0.004853,APPROVE,Accounting inconsistency in sender balance; Sender account emptied to zero after transaction; Transaction type is high-risk,2.579,lgbm_v1
replay_23,4781cd6c-4761-414c-ada4-8f0c353506b4,0.004899,APPROVE,Accounting inconsistency in sender balance; Sender account emptied to zero after transaction; Unusually large transaction amount,3.415,lgbm_v1
replay_24,55eb758a-d21b-4034-9284-37b00efdfd22,0.004843,APPROVE,Sender account emptied to zero after transaction; Accounting inconsistency in sender balance; Accounting inconsistency in receiver balance,3.405,lgbm_v1
replay_25,e9c02f17-af60-4a0c-bb6c-dd4749fb665b,0.004905,APPROVE,Accounting inconsistency in sender balance; Sender account emptied to zero after transaction; Accounting inconsistency in receiver balance,2.77,lgbm_v1
replay_26,b9e4d5ff-9574-4df7-bfd5-f7e7df7131ab,0.004902,APPROVE,Accounting inconsistency in sender balance; Sender account emptied to zero after transaction; Accounting inconsistency in receiver balance,2.679,lgbm_v1
replay_27,e3be0b92-ac2d-438e-89d2-5e6ac7781eee,0.004905,APPROVE,Accounting inconsistency in sender balance; Sender account emptied to zero after transaction; Accounting inconsistency in receiver balance,2.53,lgbm_v1
replay_28,8b5ddbba-da1b-41d6-9809-2a3e2d63e680,0.004899,APPROVE,Accounting inconsistency in sender balance; Sender account emptied to zero after transaction; Unusually large transaction amount,2.682,lgbm_v1
replay_29,7b1e64d7-9a0c-4a8f-ad49-e6b5f493f27e,0.004843,APPROVE,Sender account emptied to zero after transaction; Accounting inconsistency in sender balance; Accounting inconsistency in receiver balance,2.678,lgbm_v1
replay_30,bc1fe3b3-14cb-40cc-b25b-304db50d0be7,0.005505,APPROVE,Accounting inconsistency in sender balance; Sender account emptied to zero after transaction; Unusually large transaction amount,2.678,lgbm_v1
replay_31,a6ed0ffa-2674-46e4-a7bb-29c45c70e575,0.004843,APPROVE,Sender account emptied to zero after transaction; Accounting inconsistency in sender balance; Accounting inconsistency in receiver balance,3.36,lgbm_v1
replay_32,c4b291f3-296d-413a-a101-13bc3c10cfa1,0.004905,APPROVE,Accounting inconsistency in receiver balance; Unusually large transaction amount; Accounting inconsistency in sender balance,3.449,lgbm_v1
replay_33,6ce119e5-5aeb-4523-a027-06775556990e,0.004905,APPROVE,Accounting inconsistency in sender balance; Sender account emptied to zero after transaction; Accounting inconsistency in receiver balance,3.086,lgbm_v1
replay_34,f75d2682-b1d0-426d-ae0e-b50b58acac63,0.004744,APPROVE,Sender account emptied to zero after transaction; Accounting inconsistency in sender balance; Unusually large transaction amount,2.535,lgbm_v1
replay_35,680568aa-8e64-4041-8882-e73eb8ae6b63,0.004843,APPROVE,Sender account emptied to zero after transaction; Accounting inconsistency in sender balance; Accounting inconsistency in receiver balance,2.67,lgbm_v1
replay_36,97676bbd-e14b-45f0-a205-4484fc499f5e,0.004843,APPROVE,Sender account emptied to zero after transaction; Accounting inconsistency in sender balance; Accounting inconsistency in receiver balance,2.784,lgbm_v1
replay_37,e379a590-4e22-42ed-ab42-8b5b905324c4,0.004905,APPROVE,Accounting inconsistency in sender balance; Sender account emptied to zero after transaction; Accounting inconsistency in receiver balance,2.979,lgbm_v1
replay_38,edc669cf-0f4b-47ae-bde4-3ba90b5b45d9,0.004901,APPROVE,Accounting inconsistency in sender balance; Sender account emptied to zero after transaction; Accounting inconsistency in receiver balance,2.775,lgbm_v1
replay_39,d9695ab0-d1eb-47d5-90b4-bb67e7866a80,0.004889,APPROVE,Accounting inconsistency in sender balance; Sender account emptied to zero after transaction; Accounting inconsistency in receiver balance,2.684,lgbm_v1
replay_40,ece04716-e91b-4df9-b98a-700348183a7e,0.00481,APPROVE,Accounting inconsistency in sender balance; Sender account emptied to zero after transaction; Unusually large transaction amount,3.341,lgbm_v1
replay_41,2ad08c13-fcd7-4ed2-ac35-6463c917c9cc,0.004898,APPROVE,Accounting inconsistency in sender balance; Sender account emptied to zero after transaction; Account being drained — amount near full balance,3.085,lgbm_v1
replay_42,e0e01ca5-7639-45ae-87f7-3a5afd9f7b29,0.004853,APPROVE,Transaction type is high-risk; Accounting inconsistency in receiver balance; Sender account emptied to zero after transaction,2.762,lgbm_v1
replay_43,d635a41f-8ad5-4cf9-a69c-03aa121cd737,0.004843,APPROVE,Sender account emptied to zero after transaction; Accounting inconsistency in sender balance; Accounting inconsistency in receiver balance,5.164,lgbm_v1
replay_44,414f123c-5bbc-4330-83a6-b6cf5efd020d,0.00481,APPROVE,Accounting inconsistency in sender balance; Sender account emptied to zero after transaction; Unusually large transaction amount,3.685,lgbm_v1
replay_45,f75383fd-634e-4b88-a33c-5ca008e5cc72,0.004866,APPROVE,Accounting inconsistency in sender balance; Sender account emptied to zero after transaction; Accounting inconsistency in receiver balance,4.305,lgbm_v1
replay_46,7ab51d0d-ff60-40a8-8317-da02ed278533,0.004905,APPROVE,Accounting inconsistency in receiver balance; Sender account emptied to zero after transaction; Accounting inconsistency in sender balance,4.497,lgbm_v1
replay_47,7ad9e0fa-60a5-4fc9-b08e-911f39c26d98,0.00493,APPROVE,Accounting inconsistency in sender balance; Sender account emptied to zero after transaction; Unusually large transaction amount,2.944,lgbm_v1
replay_48,222f2846-c8ed-461d-ab9e-0a2a7bdf27ee,0.004905,APPROVE,Accounting inconsistency in sender balance; Sender account emptied to zero after transaction; Accounting inconsistency in receiver balance,2.941,lgbm_v1
replay_49,b874677e-dd93-46f9-a958-92a63970fb5d,0.004843,APPROVE,Sender account emptied to zero after transaction; Accounting inconsistency in sender balance; Accounting inconsistency in receiver balance,2.877,lgbm_v1
replay_50,c13997a2-4e0e-40c3-9023-2dd090098ad2,0.004905,APPROVE,Accounting inconsistency in sender balance; Sender account emptied to zero after transaction; Accounting inconsistency in receiver balance,2.715,lgbm_v1
replay_51,eb16f7a3-9972-49ed-b635-6573b9edb58a,0.004901,APPROVE,Accounting inconsistency in sender balance; Sender account emptied to zero after transaction; Accounting inconsistency in receiver balance,2.576,lgbm_v1
replay_52,cdba89f1-5fee-408e-a193-ea935a94834a,0.004948,APPROVE,Accounting inconsistency in sender balance; Sender account emptied to zero after transaction; Unusually large transaction amount,2.615,lgbm_v1
replay_53,7b8b5755-966d-44ee-afc6-8fde6a9560ee,0.00481,APPROVE,Accounting inconsistency in sender balance; Sender account emptied to zero after transaction; Transaction type is high-risk,2.658,lgbm_v1
replay_54,f3acae36-d198-4f98-be40-61dd92bde4bd,0.004853,APPROVE,Unusually large transaction amount; Sender account emptied to zero after transaction; Account being drained — amount near full balance,2.557,lgbm_v1
replay_55,80357219-c82c-4669-8dcf-cfef81f0b55c,0.004901,APPROVE,Accounting inconsistency in sender balance; Sender account emptied to zero after transaction; Accounting inconsistency in receiver balance,3.104,lgbm_v1
replay_56,e56ce77c-e3f7-4914-a84a-b10945f769fa,0.004898,APPROVE,Accounting inconsistency in sender balance; Sender account emptied to zero after transaction; Unusually large transaction amount,2.752,lgbm_v1
replay_57,847d08ff-0708-472d-912e-c401ca95ca27,0.004853,APPROVE,Unusually large transaction amount; Accounting inconsistency in receiver balance; Account being drained — amount near full balance,2.997,lgbm_v1
replay_58,b410ca48-3a99-4c94-adfb-fac12603b247,0.004901,APPROVE,Accounting inconsistency in sender balance; Sender account emptied to zero after transaction; Accounting inconsistency in receiver balance,4.397,lgbm_v1
replay_59,2e87e3ef-a846-4db1-a0b3-90b67a4aaddc,0.004902,APPROVE,Accounting inconsistency in sender balance; Sender account emptied to zero after transaction; Accounting inconsistency in receiver balance,3.882,lgbm_v1
replay_60,0f53bdce-ce65-4b88-9d85-106fb66da1f9,0.004843,APPROVE,Sender account emptied to zero after transaction; Accounting inconsistency in sender balance; Unusually large transaction amount,2.575,lgbm_v1
replay_61,72d1c4ad-1bfb-48f4-863c-b8b26ed28980,0.004885,APPROVE,Accounting inconsistency in sender balance; Sender account emptied to zero after transaction; Unusually large transaction amount,2.598,lgbm_v1
replay_62,88011823-f160-4c29-94ab-1d37db435171,0.004905,APPROVE,Accounting inconsistency in receiver balance; Accounting inconsistency in sender balance; Sender account emptied to zero after transaction,2.522,lgbm_v1
replay_63,863ef24a-39c1-46f2-92f8-b1b306ac6e1c,0.004898,APPROVE,Accounting inconsistency in sender balance; Sender account emptied to zero after transaction; Accounting inconsistency in receiver balance,2.634,lgbm_v1
replay_64,0825057d-5d26-4bda-90c6-da912adaccd6,0.005505,APPROVE,Accounting inconsistency in sender balance; Sender account emptied to zero after transaction; Unusually large transaction amount,2.576,lgbm_v1
replay_65,a1131042-83fc-4d3e-b0ff-b8f89fda1d19,0.004905,APPROVE,Accounting inconsistency in receiver balance; Sender account emptied to zero after transaction; Accounting inconsistency in sender balance,3.266,lgbm_v1
replay_66,f12c9570-7966-4a21-a8a3-6d058b3dba51,0.004899,APPROVE,Accounting inconsistency in sender balance; Sender account emptied to zero after transaction; Unusually large transaction amount,2.619,lgbm_v1
replay_67,7586c15f-d1b1-43f3-b56a-ca99c517a552,0.00493,APPROVE,Accounting inconsistency in sender balance; Sender account emptied to zero after transaction; Unusually large transaction amount,3.111,lgbm_v1
replay_68,53435daf-cb07-4556-8ada-850caa50e5eb,0.004905,APPROVE,Accounting inconsistency in receiver balance; Sender account emptied to zero after transaction; Accounting inconsistency in sender balance,3.489,lgbm_v1
replay_69,eedac8d7-fb14-4e18-825a-22af95ba8a30,0.004853,APPROVE,Transaction type is high-risk; Accounting inconsistency in receiver balance; Unusually large transaction amount,2.782,lgbm_v1
replay_70,c84731f8-8ab1-4179-843c-cc70b7339ad1,0.004905,APPROVE,Accounting inconsistency in sender balance; Sender account emptied to zero after transaction; Accounting inconsistency in receiver balance,3.015,lgbm_v1
replay_71,ce369028-1daa-4c5c-a0f6-8135aec9b81d,0.004929,APPROVE,Accounting inconsistency in sender balance; Sender account emptied to zero after transaction; Unusually large transaction amount,2.826,lgbm_v1
replay_72,d040ee72-bd75-4956-b92a-183d864173b2,0.004898,APPROVE,Accounting inconsistency in sender balance; Sender account emptied to zero after transaction; Accounting inconsistency in receiver balance,2.918,lgbm_v1
replay_73,84ce64cd-b09a-40d3-b7fb-ab2642b3be10,0.004853,APPROVE,Transaction type is high-risk; Accounting inconsistency in receiver balance; Sender account emptied to zero after transaction,2.587,lgbm_v1
replay_74,4fce242e-6f29-463d-bbb2-5d0b5526c656,0.004905,APPROVE,Sender account emptied to zero after transaction; Accounting inconsistency in receiver balance; Accounting inconsistency in sender balance,3.073,lgbm_v1
replay_75,84f2ed34-835b-4b95-8bec-1b777f9ae808,0.004898,APPROVE,Accounting inconsistency in sender balance; Sender account emptied to zero after transaction; Account being drained — amount near full balance,3.231,lgbm_v1
replay_76,6a7fc4e4-442c-4f41-891c-b3812a8dc796,0.004898,APPROVE,Accounting inconsistency in sender balance; Sender account emptied to zero after transaction; Unusually large transaction amount,2.87,lgbm_v1
replay_77,2d87b3a2-8e11-47db-9df4-5d820d3e6ee7,0.004821,APPROVE,Accounting inconsistency in sender balance; Sender account emptied to zero after transaction; Account being drained — amount near full balance,2.694,lgbm_v1
replay_78,f4c50d05-8a2a-470e-bbad-8358ed4c7cfd,0.005505,APPROVE,Accounting inconsistency in sender balance; Sender account emptied to zero after transaction; Unusually large transaction amount,2.612,lgbm_v1
replay_79,9377b3de-ac12-49fa-b0f9-6fb8a70ef4c9,0.004953,APPROVE,Accounting inconsistency in sender balance; Sender account emptied to zero after transaction; Unusually large transaction amount,2.554,lgbm_v1
replay_80,68a0c5d5-004d-4760-be7f-daaa1fb3a116,0.004899,APPROVE,Accounting inconsistency in sender balance; Sender account emptied to zero after transaction; Unusually large transaction amount,2.716,lgbm_v1
replay_81,0446f150-0104-4a5a-a847-3005e5dc26aa,0.004898,APPROVE,Accounting inconsistency in sender balance; Sender account emptied to zero after transaction; Accounting inconsistency in receiver balance,2.644,lgbm_v1
replay_82,4e58cb9e-6f12-4e5d-b6c8-0db417fac730,0.004905,APPROVE,Accounting inconsistency in receiver balance; Unusually large transaction amount; Accounting inconsistency in sender balance,2.558,lgbm_v1
replay_83,1dde273e-c22a-4002-b726-9d49f04dfb25,0.004905,APPROVE,Accounting inconsistency in sender balance; Sender account emptied to zero after transaction; Accounting inconsistency in receiver balance,2.69,lgbm_v1
replay_84,ff87ea2b-6728-4ba7-8135-18dfff97f339,0.004843,APPROVE,Sender account emptied to zero after transaction; Accounting inconsistency in sender balance; Accounting inconsistency in receiver balance,2.778,lgbm_v1
replay_85,46da05b0-9291-4ee4-bf36-9db20252aad7,0.004901,APPROVE,Accounting inconsistency in sender balance; Sender account emptied to zero after transaction; Accounting inconsistency in receiver balance,2.641,lgbm_v1
replay_86,6d895852-263c-4782-8e2e-ace79bd81c8a,0.004895,APPROVE,Accounting inconsistency in sender balance; Sender account emptied to zero after transaction; Accounting inconsistency in receiver balance,2.709,lgbm_v1
replay_87,7f7a9d27-a87d-4737-a05d-32210bd6bff4,0.004905,APPROVE,Accounting inconsistency in sender balance; Sender account emptied to zero after transaction; Accounting inconsistency in receiver balance,2.892,lgbm_v1
replay_88,ef745412-f795-4b9b-8e0e-eb9873cfdce0,0.004843,APPROVE,Sender account emptied to zero after transaction; Accounting inconsistency in sender balance; Accounting inconsistency in receiver balance,3.058,lgbm_v1
replay_89,8649a2ab-1abb-43e8-b728-f4574c10d4c1,0.004843,APPROVE,Sender account emptied to zero after transaction; Accounting inconsistency in sender balance; Accounting inconsistency in receiver balance,2.987,lgbm_v1
replay_90,cd98e26c-621d-4d39-ac18-680f9667bdf6,0.004843,APPROVE,Sender account emptied to zero after transaction; Accounting inconsistency in sender balance; Accounting inconsistency in receiver balance,2.844,lgbm_v1
replay_91,eea5e0e4-0645-4881-bc31-1c27bb0137e7,0.004889,APPROVE,Accounting inconsistency in sender balance; Sender account emptied to zero after transaction; Accounting inconsistency in receiver balance,2.783,lgbm_v1
replay_92,2d27c478-4be5-4fda-b6e2-f93ab6352d0e,0.004905,APPROVE,Accounting inconsistency in receiver balance; Sender account emptied to zero after transaction; Accounting inconsistency in sender balance,2.522,lgbm_v1
replay_93,97b96f40-cb6b-41ea-8eac-529795981459,0.004845,APPROVE,Accounting inconsistency in sender balance; Sender account emptied to zero after transaction; Account being drained — amount near full balance,2.572,lgbm_v1
replay_94,131494f7-b7f9-48bd-8869-34e4262d55ee,0.004901,APPROVE,Accounting inconsistency in sender balance; Sender account emptied to zero after transaction; Accounting inconsistency in receiver balance,2.725,lgbm_v1
replay_95,3c54d7e3-0740-49f5-af6e-bd9b4bfa0c07,0.005868,APPROVE,Accounting inconsistency in sender balance; Sender account emptied to zero after transaction; Unusually large transaction amount,3.445,lgbm_v1
replay_96,07cee659-6c20-4115-b757-f836749efc4e,0.004901,APPROVE,Accounting inconsistency in sender balance; Sender account emptied to zero after transaction; Accounting inconsistency in receiver balance,2.685,lgbm_v1
replay_97,2a09a8aa-2932-4454-be2e-219606b78059,0.025161,REVIEW,Unusually large transaction amount; Sender account emptied to zero after transaction; Accounting inconsistency in receiver balance,2.674,lgbm_v1
replay_98,7f438776-e6d6-4266-9cb4-49bd927fa2a1,0.004905,APPROVE,Accounting inconsistency in sender balance; Sender account emptied to zero after transaction; Accounting inconsistency in receiver balance,2.906,lgbm_v1
replay_99,b232de0a-0b13-452e-aa07-deb1a89c7154,0.004843,APPROVE,Sender account emptied to zero after transaction; Accounting inconsistency in sender balance; Accounting inconsistency in receiver balance,2.737,lgbm_v1
replay_100,cb22c60b-59f8-4da7-863b-2476008382f9,0.004889,APPROVE,Accounting inconsistency in sender balance; Sender account emptied to zero after transaction; Accounting inconsistency in receiver balance,2.693,lgbm_v1
replay_101,ec29cc36-497c-4344-b67f-ca2c20c711bf,0.004898,APPROVE,Accounting inconsistency in sender balance; Sender account emptied to zero after transaction; Accounting inconsistency in receiver balance,2.724,lgbm_v1
replay_102,70eb9355-620d-461b-8035-3b8dfe4fe204,0.004853,APPROVE,Transaction type is high-risk; Accounting inconsistency in receiver balance; Sender account emptied to zero after transaction,2.701,lgbm_v1
replay_103,6081297f-72aa-403f-beb6-a239d42ffcf9,0.004905,APPROVE,Accounting inconsistency in sender balance; Sender account emptied to zero after transaction; Accounting inconsistency in receiver balance,2.622,lgbm_v1
replay_104,220b80e4-722a-4fa0-897f-17d11949d267,0.004902,APPROVE,Accounting inconsistency in sender balance; Sender account emptied to zero after transaction; Unusually large transaction amount,2.993,lgbm_v1
replay_105,d40c5105-a147-466c-9332-5b9787b5c49c,0.004901,APPROVE,Accounting inconsistency in sender balance; Sender account emptied to zero after transaction; Accounting inconsistency in receiver balance,4.515,lgbm_v1
replay_106,c2b85df3-eb99-468c-b3e2-5730bb086dda,0.004898,APPROVE,Accounting inconsistency in sender balance; Sender account emptied to zero after transaction; Unusually large transaction amount,7.541,lgbm_v1
replay_107,e0c67675-3f0f-41d5-98cd-3273eef07faf,0.004905,APPROVE,Accounting inconsistency in receiver balance; Sender account emptied to zero after transaction; Accounting inconsistency in sender balance,5.327,lgbm_v1
replay_108,f6c5608b-343c-4fb0-a29d-48e883a4dd05,0.004843,APPROVE,Sender account emptied to zero after transaction; Accounting inconsistency in sender balance; Accounting inconsistency in receiver balance,3.04,lgbm_v1
replay_109,3a64113c-c129-44f5-8b15-cee892540cac,0.004905,APPROVE,Accounting inconsistency in receiver balance; Accounting inconsistency in sender balance; Sender account emptied to zero after transaction,3.882,lgbm_v1
replay_110,f8d2e538-a6f8-4b84-afbd-41ac120000d4,0.004853,APPROVE,Transaction type is high-risk; Accounting inconsistency in receiver balance; Sender account emptied to zero after transaction,3.65,lgbm_v1
replay_111,55d592aa-fbc8-4e66-90d2-c79fb8181762,0.004905,APPROVE,Sender account emptied to zero after transaction; Accounting inconsistency in receiver balance; Accounting inconsistency in sender balance,3.527,lgbm_v1
replay_112,57764cea-83e8-4bdd-a9b8-d48b47868207,0.004901,APPROVE,Accounting inconsistency in sender balance; Sender account emptied to zero after transaction; Accounting inconsistency in receiver balance,2.97,lgbm_v1
replay_113,d5fa8dea-d192-4aa3-b135-e04bdd6516d0,0.004843,APPROVE,Sender account emptied to zero after transaction; Accounting inconsistency in sender balance; Accounting inconsistency in receiver balance,3.089,lgbm_v1
replay_114,3570cd94-192b-4ac7-a4f5-3190d276242a,0.004821,APPROVE,Accounting inconsistency in sender balance; Sender account emptied to zero after transaction; Accounting inconsistency in receiver balance,2.765,lgbm_v1
replay_115,9f413cd9-bed6-440a-b028-7d9496d1142f,0.004899,APPROVE,Accounting inconsistency in sender balance; Sender account emptied to zero after transaction; Accounting inconsistency in receiver balance,2.879,lgbm_v1
replay_116,882fab2e-68c6-405f-b9e2-fef94536c44f,0.004843,APPROVE,Sender account emptied to zero after transaction; Accounting inconsistency in sender balance; Accounting inconsistency in receiver balance,2.878,lgbm_v1
replay_117,d63dd59c-bd5b-4e53-bff8-1c5b31eb2147,0.004905,APPROVE,Accounting inconsistency in sender balance; Sender account emptied to zero after transaction; Accounting inconsistency in receiver balance,3.032,lgbm_v1
replay_118,910f969d-3717-4edc-8783-e519ce4f7035,0.004905,APPROVE,Accounting inconsistency in sender balance; Sender account emptied to zero after transaction; Account being drained — amount near full balance,2.86,lgbm_v1
replay_119,87cd25e7-0bba-40ac-9c1d-4408714dbf91,0.004901,APPROVE,Accounting inconsistency in sender balance; Sender account emptied to zero after transaction; Accounting inconsistency in receiver balance,2.795,lgbm_v1
replay_120,5e9c7775-63d6-4563-8332-e131c62e6ba6,0.004843,APPROVE,Sender account emptied to zero after transaction; Accounting inconsistency in sender balance; Unusually large transaction amount,2.978,lgbm_v1
replay_121,0f45d035-c8fb-495b-afeb-d9e4a702bec9,0.004901,APPROVE,Accounting inconsistency in sender balance; Sender account emptied to zero after transaction; Accounting inconsistency in receiver balance,3.879,lgbm_v1
replay_122,38bb5937-92a1-47c4-a1fb-7eb59faaa793,0.004853,APPROVE,Transaction type is high-risk; Accounting inconsistency in receiver balance; Sender account emptied to zero after transaction,3.491,lgbm_v1
replay_123,27087897-7105-4531-b6af-87b78491edc1,0.004905,APPROVE,Accounting inconsistency in sender balance; Sender account emptied to zero after transaction; Accounting inconsistency in receiver balance,3.028,lgbm_v1
replay_124,3c1018d7-5291-4cc3-9ba0-ee97b022cc28,0.004902,APPROVE,Accounting inconsistency in sender balance; Sender account emptied to zero after transaction; Accounting inconsistency in receiver balance,2.999,lgbm_v1
replay_125,19b24b32-1d59-4076-855a-3ead8764c2ed,0.004905,APPROVE,Accounting inconsistency in sender balance; Sender account emptied to zero after transaction; Accounting inconsistency in receiver balance,2.759,lgbm_v1
replay_126,4fbc5265-3129-49a1-a564-f3f568cd2e64,0.01048,APPROVE,Unusually large transaction amount; Accounting inconsistency in sender balance; Account being drained — amount near full balance,2.632,lgbm_v1
replay_127,ecffb342-d324-4210-8cb0-c214fc598ee5,0.004901,APPROVE,Accounting inconsistency in sender balance; Sender account emptied to zero after transaction; Accounting inconsistency in receiver balance,3.268,lgbm_v1
replay_128,8523e361-ef3a-4ec8-9756-c18f64456064,0.004898,APPROVE,Accounting inconsistency in sender balance; Sender account emptied to zero after transaction; Accounting inconsistency in receiver balance,2.54,lgbm_v1
replay_129,ff1fb744-5077-4a9e-a74b-45afb3fd056c,0.004843,APPROVE,Sender account emptied to zero after transaction; Accounting inconsistency in receiver balance; Accounting inconsistency in sender balance,2.857,lgbm_v1
replay_130,3164a7e3-6af5-49d0-9179-74d4ad694bb3,0.00493,APPROVE,Accounting inconsistency in sender balance; Sender account emptied to zero after transaction; Unusually large transaction amount,3.22,lgbm_v1
replay_131,5cf6d99a-322e-4e1d-b303-1261c9bf36f0,0.004853,APPROVE,Accounting inconsistency in receiver balance; Unusually large transaction amount; Transaction type is high-risk,3.08,lgbm_v1
replay_132,860573d2-7357-46ff-9e7f-ec67071461bf,0.004901,APPROVE,Accounting inconsistency in sender balance; Sender account emptied to zero after transaction; Accounting inconsistency in receiver balance,3.076,lgbm_v1
replay_133,225af2ed-ae37-4210-afd1-fa0bd90e387d,0.005505,APPROVE,Accounting inconsistency in sender balance; Sender account emptied to zero after transaction; Unusually large transaction amount,2.571,lgbm_v1
replay_134,63c514a5-a192-48d8-8f89-94d04b7fa316,0.004843,APPROVE,Sender account emptied to zero after transaction; Accounting inconsistency in receiver balance; Accounting inconsistency in sender balance,2.692,lgbm_v1
replay_135,4571a46f-9ecd-45da-82bd-8358f8b8928f,0.004744,APPROVE,Sender account emptied to zero after transaction; Accounting inconsistency in sender balance; Unusually large transaction amount,2.737,lgbm_v1
replay_136,47d2e19c-4e33-43ca-84b8-2141bd61391e,0.004889,APPROVE,Accounting inconsistency in sender balance; Sender account emptied to zero after transaction; Transaction type is high-risk,2.62,lgbm_v1
replay_137,0ec3da6c-f1e8-423f-a7a2-b8afb6356864,0.004898,APPROVE,Accounting inconsistency in sender balance; Sender account emptied to zero after transaction; Transaction type is high-risk,2.678,lgbm_v1
replay_138,27dadbd5-484f-4184-afa8-bf243931095b,0.00481,APPROVE,Accounting inconsistency in sender balance; Sender account emptied to zero after transaction; Unusually large transaction amount,2.647,lgbm_v1
replay_139,186eb285-4b8d-4edc-abe2-e62f89334c3f,0.004905,APPROVE,Accounting inconsistency in sender balance; Sender account emptied to zero after transaction; Accounting inconsistency in receiver balance,2.445,lgbm_v1
replay_140,fde18788-0747-4781-9c53-c1023db7077d,0.004902,APPROVE,Accounting inconsistency in sender balance; Sender account emptied to zero after transaction; Accounting inconsistency in receiver balance,3.239,lgbm_v1
replay_141,99f41ea5-82a8-4651-b951-31a6c2b55d72,0.004898,APPROVE,Accounting inconsistency in sender balance; Sender account emptied to zero after transaction; Unusually large transaction amount,4.613,lgbm_v1
replay_142,ebecde8a-214e-4005-8591-3ff6c0d3b865,0.004953,APPROVE,Accounting inconsistency in sender balance; Sender account emptied to zero after transaction; Unusually large transaction amount,2.902,lgbm_v1
replay_143,70b26c2f-af8f-4edb-ba22-a2b3834edc8a,0.00481,APPROVE,Accounting inconsistency in sender balance; Sender account emptied to zero after transaction; Accounting inconsistency in receiver balance,2.606,lgbm_v1
replay_144,c8262218-5ca5-4833-a553-82a384b2a5e1,0.004889,APPROVE,Accounting inconsistency in sender balance; Sender account emptied to zero after transaction; Unusually large transaction amount,3.119,lgbm_v1
replay_145,e0a97beb-47cc-4090-874f-960c41b5ceda,0.004901,APPROVE,Accounting inconsistency in sender balance; Sender account emptied to zero after transaction; Accounting inconsistency in receiver balance,3.316,lgbm_v1
replay_146,8fb02b19-4535-4ef4-8a9f-bb7ec0cbd704,0.004905,APPROVE,Accounting inconsistency in receiver balance; Sender account emptied to zero after transaction; Accounting inconsistency in sender balance,2.876,lgbm_v1
replay_147,f3d0e7f8-f3c9-4b1b-b345-efa86a3edd3d,0.004898,APPROVE,Accounting inconsistency in sender balance; Sender account emptied to zero after transaction; Unusually large transaction amount,2.717,lgbm_v1
replay_148,5a7f8039-6573-454d-bb9c-ada91a1ebd35,0.00481,APPROVE,Accounting inconsistency in sender balance; Sender account emptied to zero after transaction; Accounting inconsistency in receiver balance,2.803,lgbm_v1
replay_149,74a36c9d-3bb4-423e-927e-e350095e27b7,0.004901,APPROVE,Accounting inconsistency in sender balance; Sender account emptied to zero after transaction; Accounting inconsistency in receiver balance,2.679,lgbm_v1
replay_150,71ec8a83-0501-4a2b-a573-77325747251f,0.004901,APPROVE,Accounting inconsistency in sender balance; Sender account emptied to zero after transaction; Accounting inconsistency in receiver balance,2.477,lgbm_v1
replay_151,de537818-0d77-4ed4-8087-6d1f0430c2dd,0.004902,APPROVE,Accounting inconsistency in sender balance; Sender account emptied to zero after transaction; Account being drained — amount near full balance,2.696,lgbm_v1
replay_152,b8011212-e6ad-4887-8a87-2ce8edee2475,0.004898,APPROVE,Accounting inconsistency in sender balance; Sender account emptied to zero after transaction; Accounting inconsistency in receiver balance,2.61,lgbm_v1
replay_153,eb42a192-11b0-466a-b214-1973d266661e,0.004843,APPROVE,Sender account emptied to zero after transaction; Accounting inconsistency in sender balance; Accounting inconsistency in receiver balance,2.528,lgbm_v1
replay_154,513e6c14-6077-4b86-80bb-43d9b5caebdf,0.004899,APPROVE,Accounting inconsistency in sender balance; Sender account emptied to zero after transaction; Unusually large transaction amount,2.579,lgbm_v1
replay_155,99f71de2-ccd0-4e68-ae81-93528175055b,0.004901,APPROVE,Accounting inconsistency in sender balance; Sender account emptied to zero after transaction; Accounting inconsistency in receiver balance,2.611,lgbm_v1
replay_156,9fbd2ddd-e802-4eaf-8779-d878921608b8,0.004901,APPROVE,Accounting inconsistency in sender balance; Sender account emptied to zero after transaction; Accounting inconsistency in receiver balance,2.86,lgbm_v1
replay_157,f3bd8347-f1ae-4615-b5de-75ec08217db1,0.004901,APPROVE,Accounting inconsistency in sender balance; Sender account emptied to zero after transaction; Accounting inconsistency in receiver balance,2.669,lgbm_v1
replay_158,c0a05cb7-1000-4ca4-9021-bd8cb57b106c,0.004902,APPROVE,Accounting inconsistency in sender balance; Sender account emptied to zero after transaction; Accounting inconsistency in receiver balance,2.594,lgbm_v1
replay_159,5eb5a7b7-0146-4d3c-abd4-aed729c6329e,0.004953,APPROVE,Accounting inconsistency in sender balance; Sender account emptied to zero after transaction; Unusually large transaction amount,2.743,lgbm_v1
replay_160,d79e5daf-dcb3-4644-b5c8-dc2cef459a41,0.004905,APPROVE,Accounting inconsistency in receiver balance; Sender account emptied to zero after transaction; Accounting inconsistency in sender balance,2.539,lgbm_v1
replay_161,f6bc1cf2-aeec-420e-bea3-ef4515e7216f,0.004902,APPROVE,Accounting inconsistency in sender balance; Sender account emptied to zero after transaction; Unusually large transaction amount,2.52,lgbm_v1
replay_162,cae75ac7-c157-4245-bf63-61ba65a7cf31,0.004853,APPROVE,Transaction type is high-risk; Accounting inconsistency in receiver balance; Unusually large transaction amount,2.446,lgbm_v1
replay_163,142d2111-7b05-4bff-83c2-8fb48543c2a0,0.004905,APPROVE,Accounting inconsistency in sender balance; Sender account emptied to zero after transaction; Accounting inconsistency in receiver balance,2.423,lgbm_v1
replay_164,8a52e10a-e4b2-4d5a-8987-342ff4d186f4,0.004843,APPROVE,Sender account emptied to zero after transaction; Accounting inconsistency in sender balance; Accounting inconsistency in receiver balance,2.527,lgbm_v1
replay_165,41bc6e5b-c0fb-4b3d-a240-5c55af48f1b7,0.004902,APPROVE,Accounting inconsistency in sender balance; Sender account emptied to zero after transaction; Account being drained — amount near full balance,2.6,lgbm_v1
replay_166,061aeca8-e4c9-40b2-82d5-6d2f64d2a805,0.004902,APPROVE,Accounting inconsistency in sender balance; Sender account emptied to zero after transaction; Unusually large transaction amount,2.49,lgbm_v1
replay_167,6c074677-2edd-4d9c-999b-3ec13eb328ed,0.004899,APPROVE,Accounting inconsistency in sender balance; Sender account emptied to zero after transaction; Unusually large transaction amount,2.461,lgbm_v1
replay_168,4ca9647b-ed7f-4327-8024-75ee6eb4fe53,0.004902,APPROVE,Accounting inconsistency in sender balance; Sender account emptied to zero after transaction; Account being drained — amount near full balance,2.456,lgbm_v1
replay_169,4fdf8ead-405c-4580-9eb1-40f2ce95cbdd,0.004843,APPROVE,Sender account emptied to zero after transaction; Accounting inconsistency in sender balance; Accounting inconsistency in receiver balance,3.058,lgbm_v1
replay_170,7814f76e-cc0d-4a1c-a185-d6222cfa26d0,0.004929,APPROVE,Accounting inconsistency in sender balance; Sender account emptied to zero after transaction; Unusually large transaction amount,2.623,lgbm_v1
replay_171,61aa7062-b77e-4e0d-8a5a-ae5009065a4b,0.005358,APPROVE,Accounting inconsistency in sender balance; Sender account emptied to zero after transaction; Unusually large transaction amount,2.492,lgbm_v1
replay_172,171b1145-9178-4cbc-8352-9782deb53943,0.004902,APPROVE,Accounting inconsistency in sender balance; Sender account emptied to zero after transaction; Unusually large transaction amount,2.552,lgbm_v1
replay_173,35cf8cd3-9088-4341-82dc-b61b65e12cab,0.004889,APPROVE,Accounting inconsistency in sender balance; Sender account emptied to zero after transaction; Accounting inconsistency in receiver balance,2.635,lgbm_v1
replay_174,a4d94808-2066-4347-907a-79aea6153bab,0.004843,APPROVE,Sender account emptied to zero after transaction; Accounting inconsistency in sender balance; Account being drained — amount near full balance,2.655,lgbm_v1
replay_175,e54f7e23-a778-47cc-aef4-23a923fbc8d1,0.004853,APPROVE,Accounting inconsistency in sender balance; Transaction type is high-risk; Sender account emptied to zero after transaction,2.518,lgbm_v1
replay_176,71777660-c79e-45d3-9c4b-2f34649b268c,0.004853,APPROVE,Accounting inconsistency in receiver balance; Unusually large transaction amount; Transaction type is high-risk,2.544,lgbm_v1
replay_177,17342867-fe05-4a75-858e-8d8f531bb1b5,0.004853,APPROVE,Transaction type is high-risk; Accounting inconsistency in receiver balance; Sender account emptied to zero after transaction,2.483,lgbm_v1
replay_178,a74ed4b4-bb0a-4914-89d2-44384e42f5a6,0.004905,APPROVE,Accounting inconsistency in sender balance; Sender account emptied to zero after transaction; Accounting inconsistency in receiver balance,2.521,lgbm_v1
replay_179,a9ec8fd3-ca41-4c4f-8ae0-d6122a70d0b0,0.004601,APPROVE,Accounting inconsistency in sender balance; Sender account emptied to zero after transaction; Unusually large transaction amount,3.515,lgbm_v1
replay_180,fe0a0673-abaa-4343-8504-b56bd34c0fde,0.004843,APPROVE,Sender account emptied to zero after transaction; Accounting inconsistency in sender balance; Accounting inconsistency in receiver balance,2.635,lgbm_v1
replay_181,9169c94b-6718-4010-a63c-574ee8528305,0.004905,APPROVE,Accounting inconsistency in sender balance; Sender account emptied to zero after transaction; Accounting inconsistency in receiver balance,2.496,lgbm_v1
replay_182,2500b421-35f9-49ae-b69d-4f47c18e7a2a,0.005239,APPROVE,Accounting inconsistency in sender balance; Sender account emptied to zero after transaction; Unusually large transaction amount,2.494,lgbm_v1
replay_183,6e707eef-b051-45fe-95cc-0bfab8d663c5,0.274304,REVIEW,Unusually large transaction amount; Accounting inconsistency in receiver balance; Transaction type is high-risk,2.603,lgbm_v1
replay_184,eaffa107-b4f3-4d6a-9fce-767e8262065c,0.005868,APPROVE,Accounting inconsistency in sender balance; Sender account emptied to zero after transaction; Account being drained — amount near full balance,3.127,lgbm_v1
replay_185,c4666c89-273a-44f6-8f54-2e23f2fc980f,0.004895,APPROVE,Sender account emptied to zero after transaction; Accounting inconsistency in receiver balance; Accounting inconsistency in sender balance,2.774,lgbm_v1
replay_186,75689cc4-9669-452c-a9a8-e238e8a3ebbc,0.004794,APPROVE,Accounting inconsistency in sender balance; Sender account emptied to zero after transaction; Unusually large transaction amount,2.608,lgbm_v1
replay_187,ca1481fc-8081-4aa9-817e-1206d080dc66,0.004889,APPROVE,Accounting inconsistency in sender balance; Sender account emptied to zero after transaction; Accounting inconsistency in receiver balance,2.751,lgbm_v1
replay_188,964f5405-251b-47ca-85f9-ff76289b6c96,0.004843,APPROVE,Sender account emptied to zero after transaction; Accounting inconsistency in receiver balance; Accounting inconsistency in sender balance,2.552,lgbm_v1
replay_189,de0cc6f6-6810-418f-b64a-87830dc556da,0.004901,APPROVE,Accounting inconsistency in sender balance; Sender account emptied to zero after transaction; Accounting inconsistency in receiver balance,3.275,lgbm_v1
replay_190,3886f92d-fe22-4c08-a189-f354b7eed70b,0.004843,APPROVE,Sender account emptied to zero after transaction; Accounting inconsistency in sender balance; Accounting inconsistency in receiver balance,2.705,lgbm_v1
replay_191,6ac56166-2dca-4247-b78f-5a4ed37ebdc6,0.004889,APPROVE,Accounting inconsistency in sender balance; Sender account emptied to zero after transaction; Accounting inconsistency in receiver balance,2.641,lgbm_v1
replay_192,24394078-d39f-473b-9065-130db0e846ea,0.004901,APPROVE,Accounting inconsistency in sender balance; Sender account emptied to zero after transaction; Accounting inconsistency in receiver balance,3.017,lgbm_v1
replay_193,e6471b27-d611-4190-b4a2-92bb7d1a0fa0,0.004897,APPROVE,Accounting inconsistency in sender balance; Sender account emptied to zero after transaction; Accounting inconsistency in receiver balance,2.576,lgbm_v1
replay_194,9e29fe5e-f9ed-4dc2-bb80-86d39c27b366,0.004905,APPROVE,Accounting inconsistency in sender balance; Sender account emptied to zero after transaction; Accounting inconsistency in receiver balance,2.647,lgbm_v1
replay_195,611b58fa-34bd-4c2a-826f-11c83700a8ee,0.004902,APPROVE,Accounting inconsistency in sender balance; Sender account emptied to zero after transaction; Accounting inconsistency in receiver balance,2.595,lgbm_v1
replay_196,f995271b-70fe-4d76-995c-41f57830c62e,0.004843,APPROVE,Sender account emptied to zero after transaction; Accounting inconsistency in receiver balance; Accounting inconsistency in sender balance,2.507,lgbm_v1
replay_197,4208d9d1-0bf6-4ed6-83d0-0f2fc1c81ace,0.004843,APPROVE,Sender account emptied to zero after transaction; Accounting inconsistency in sender balance; Accounting inconsistency in receiver balance,2.521,lgbm_v1
replay_198,3d967fdb-cacb-4582-bdcc-7542135c0d17,0.004843,APPROVE,Sender account emptied to zero after transaction; Accounting inconsistency in sender balance; Accounting inconsistency in receiver balance,2.45,lgbm_v1
replay_199,58c31c8c-69c6-45c8-b71a-8bf74757fa02,0.004853,APPROVE,Transaction type is high-risk; Accounting inconsistency in receiver balance; Sender account emptied to zero after transaction,2.716,lgbm_v1
replay_200,772725ed-0747-4a84-be22-f7e3903bf014,0.004898,APPROVE,Accounting inconsistency in sender balance; Sender account emptied to zero after transaction; Accounting inconsistency in receiver balance,2.535,lgbm_v1
replay_201,a4b26c9a-d66a-45f4-bc03-6460d70cddbc,0.004843,APPROVE,Sender account emptied to zero after transaction; Accounting inconsistency in sender balance; Accounting inconsistency in receiver balance,4.538,lgbm_v1
replay_202,6592c5a5-37b3-4f28-842e-0d77c49f7640,0.004853,APPROVE,Accounting inconsistency in sender balance; Sender account emptied to zero after transaction; Transaction type is high-risk,2.746,lgbm_v1
replay_203,31e8f41b-4558-4f20-8cf0-d50d7689b14a,0.004853,APPROVE,Transaction type is high-risk; Unusually large transaction amount; Accounting inconsistency in receiver balance,2.391,lgbm_v1
replay_204,f6700a71-92d4-4ed4-8cca-66d424ad33a3,0.005507,APPROVE,Accounting inconsistency in sender balance; Sender account emptied to zero after transaction; Unusually large transaction amount,2.442,lgbm_v1
replay_205,7c0bfa27-35d5-4a17-904e-c5f3c4e59bd9,0.004843,APPROVE,Sender account emptied to zero after transaction; Accounting inconsistency in sender balance; Accounting inconsistency in receiver balance,2.42,lgbm_v1
replay_206,8178f129-b228-4621-b2a4-4d0cefca5f04,0.004853,APPROVE,Transaction type is high-risk; Accounting inconsistency in sender balance; Unusually large transaction amount,2.481,lgbm_v1
replay_207,ee8a22c6-e08a-4b33-92e5-f84464335008,0.004905,APPROVE,Accounting inconsistency in sender balance; Sender account emptied to zero after transaction; Accounting inconsistency in receiver balance,2.615,lgbm_v1
replay_208,8ae5effe-8c91-4ff8-8ddc-85f8165ec020,0.004901,APPROVE,Accounting inconsistency in sender balance; Sender account emptied to zero after transaction; Accounting inconsistency in receiver balance,3.154,lgbm_v1
replay_209,a88d11fa-d734-4297-9ce0-56a0cd213791,0.00493,APPROVE,Accounting inconsistency in sender balance; Sender account emptied to zero after transaction; Unusually large transaction amount,2.55,lgbm_v1
replay_210,115a9c96-4ee4-4f39-8bc1-145e3bdd6833,0.004744,APPROVE,Sender account emptied to zero after transaction; Accounting inconsistency in sender balance; Unusually large transaction amount,2.448,lgbm_v1
replay_211,ad75da16-8552-4781-983a-1a9b1fafb924,0.004843,APPROVE,Sender account emptied to zero after transaction; Accounting inconsistency in sender balance; Accounting inconsistency in receiver balance,2.609,lgbm_v1
replay_212,ab0a3f94-04a2-4334-8230-994e0e885cbc,0.004889,APPROVE,Accounting inconsistency in sender balance; Sender account emptied to zero after transaction; Accounting inconsistency in receiver balance,2.464,lgbm_v1
replay_213,bd4da92a-244d-47bb-8c4d-0a9fbb29d52e,0.004905,APPROVE,Accounting inconsistency in sender balance; Sender account emptied to zero after transaction; Accounting inconsistency in receiver balance,2.406,lgbm_v1
replay_214,333e6376-d406-4903-b595-bc68937f0aa5,0.006241,APPROVE,Accounting inconsistency in sender balance; Sender account emptied to zero after transaction; Account being drained — amount near full balance,2.429,lgbm_v1
replay_215,e83ab7f9-9873-41ac-9ef5-94cf361f6b77,0.004843,APPROVE,Accounting inconsistency in receiver balance; Unusually large transaction amount; Sender account emptied to zero after transaction,2.757,lgbm_v1
replay_216,afb19b0c-d258-4793-ad13-bbac2ab8b97a,0.004898,APPROVE,Accounting inconsistency in sender balance; Sender account emptied to zero after transaction; Accounting inconsistency in receiver balance,2.54,lgbm_v1
replay_217,54d1d0a1-99b8-4405-acc8-f97c978cfd5c,0.004853,APPROVE,Accounting inconsistency in receiver balance; Transaction type is high-risk; Unusually large transaction amount,2.549,lgbm_v1
replay_218,3bca617f-c716-4591-92ea-0bc2bb9c0ed3,0.00493,APPROVE,Accounting inconsistency in sender balance; Sender account emptied to zero after transaction; Unusually large transaction amount,2.513,lgbm_v1
replay_219,2f95d809-06c5-4024-a80c-fc2459eeeb19,0.004843,APPROVE,Sender account emptied to zero after transaction; Accounting inconsistency in sender balance; Accounting inconsistency in receiver balance,2.86,lgbm_v1
replay_220,f0496b5f-9605-458b-b266-962be1ab17c4,0.004953,APPROVE,Accounting inconsistency in sender balance; Sender account emptied to zero after transaction; Unusually large transaction amount,2.499,lgbm_v1
replay_221,6926d369-584c-4fae-81f0-1223c81d2f40,0.004901,APPROVE,Accounting inconsistency in sender balance; Sender account emptied to zero after transaction; Accounting inconsistency in receiver balance,2.63,lgbm_v1
replay_222,8bd3fd99-61ff-4d63-9a30-1547d9432d5b,0.004843,APPROVE,Sender account emptied to zero after transaction; Accounting inconsistency in sender balance; Accounting inconsistency in receiver balance,2.633,lgbm_v1
replay_223,1f1da04a-7948-4e12-a6b3-78db71f177bc,0.00481,APPROVE,Accounting inconsistency in sender balance; Sender account emptied to zero after transaction; Unusually large transaction amount,2.475,lgbm_v1
replay_224,899b22f6-5c76-4ad3-9f89-a46959e01a8a,0.004889,APPROVE,Accounting inconsistency in sender balance; Sender account emptied to zero after transaction; Accounting inconsistency in receiver balance,2.442,lgbm_v1
replay_225,67d7a544-3b63-4fc9-99b8-cc13ee48970b,0.004905,APPROVE,Sender account emptied to zero after transaction; Accounting inconsistency in sender balance; Accounting inconsistency in receiver balance,2.51,lgbm_v1
replay_226,a0292c6f-d3eb-4eeb-801d-640d96224c53,0.004902,APPROVE,Accounting inconsistency in sender balance; Sender account emptied to zero after transaction; Account being drained — amount near full balance,2.577,lgbm_v1
replay_227,c70c4950-c022-4bd4-8e22-79936811aeb0,0.004905,APPROVE,Accounting inconsistency in sender balance; Sender account emptied to zero after transaction; Accounting inconsistency in receiver balance,2.495,lgbm_v1
replay_228,3329f3fa-9747-41be-9822-0eb81885c10a,0.004901,APPROVE,Accounting inconsistency in sender balance; Sender account emptied to zero after transaction; Accounting inconsistency in receiver balance,2.517,lgbm_v1
replay_229,b9c0db9e-2e7a-456e-ac2a-b68a164631bf,0.004905,APPROVE,Accounting inconsistency in sender balance; Sender account emptied to zero after transaction; Accounting inconsistency in receiver balance,3.098,lgbm_v1
replay_230,e4bcfc11-d521-49df-b166-63ab340d45f5,0.004853,APPROVE,Transaction type is high-risk; Unusually large transaction amount; Accounting inconsistency in receiver balance,2.475,lgbm_v1
replay_231,186a24bc-b7cc-4446-937e-6adfc5e9f404,0.004889,APPROVE,Accounting inconsistency in sender balance; Sender account emptied to zero after transaction; Accounting inconsistency in receiver balance,2.704,lgbm_v1
replay_232,dd1446e8-6f7d-428a-b2bf-2fa6aa90aff3,0.004853,APPROVE,Transaction type is high-risk; Unusually large transaction amount; Sender account emptied to zero after transaction,2.525,lgbm_v1
replay_233,14210210-24f6-4eb3-bd8a-f4a7c0c38596,0.004902,APPROVE,Accounting inconsistency in sender balance; Sender account emptied to zero after transaction; Account being drained — amount near full balance,2.699,lgbm_v1
replay_234,72dd7e90-e1ed-4630-b481-4b3d68e586f1,0.004905,APPROVE,Accounting inconsistency in sender balance; Sender account emptied to zero after transaction; Accounting inconsistency in receiver balance,3.249,lgbm_v1
replay_235,5f374b5e-8daf-4420-82ca-563487b5caf2,0.004853,APPROVE,Transaction type is high-risk; Accounting inconsistency in receiver balance; Unusually large transaction amount,2.583,lgbm_v1
replay_236,9c7e96a7-6e24-4a4c-8371-c17b01cad5e7,0.00481,APPROVE,Accounting inconsistency in sender balance; Sender account emptied to zero after transaction; Unusually large transaction amount,2.562,lgbm_v1
replay_237,0d3f0cb6-a8b9-4548-ae76-efef297d7180,0.004898,APPROVE,Accounting inconsistency in sender balance; Sender account emptied to zero after transaction; Unusually large transaction amount,2.581,lgbm_v1
replay_238,4c8d0386-3dda-4ec4-bd28-1fbc3326eedc,0.004902,APPROVE,Accounting inconsistency in sender balance; Sender account emptied to zero after transaction; Unusually large transaction amount,2.836,lgbm_v1
replay_239,62fbef34-0351-4e4a-991b-67e6bf016d9a,0.004895,APPROVE,Sender account emptied to zero after transaction; Accounting inconsistency in receiver balance; Accounting inconsistency in sender balance,2.635,lgbm_v1
replay_240,be131639-1fd5-4016-9d24-2d2a87ad2eed,0.004843,APPROVE,Sender account emptied to zero after transaction; Accounting inconsistency in sender balance; Accounting inconsistency in receiver balance,2.494,lgbm_v1
replay_241,dccd591f-35d2-4651-82ae-6b241d123c08,0.004853,APPROVE,Transaction type is high-risk; Unusually large transaction amount; Sender account emptied to zero after transaction,2.672,lgbm_v1
replay_242,4edc59f3-bcbd-4ed5-8bb4-700f2f371472,0.004905,APPROVE,Accounting inconsistency in receiver balance; Sender account emptied to zero after transaction; Accounting inconsistency in sender balance,2.573,lgbm_v1
replay_243,cca73c2a-3b7b-4eb6-95b4-f389a096b019,0.004853,APPROVE,Transaction type is high-risk; Accounting inconsistency in receiver balance; Unusually large transaction amount,2.51,lgbm_v1
replay_244,d1856f7c-38b4-485b-92ae-e36efe52c89f,0.004902,APPROVE,Accounting inconsistency in sender balance; Sender account emptied to zero after transaction; Account being drained — amount near full balance,2.573,lgbm_v1
replay_245,705b3f59-5f29-4fc7-8e05-50e07e08ba93,0.004853,APPROVE,Transaction type is high-risk; Unusually large transaction amount; Sender account emptied to zero after transaction,2.602,lgbm_v1
replay_246,f6d18748-a466-44be-b677-65cfed693ee8,0.004853,APPROVE,Transaction type is high-risk; Accounting inconsistency in receiver balance; Unusually large transaction amount,2.679,lgbm_v1
replay_247,559bb6c9-2aac-4b0b-a73a-15cc0d46e08d,0.004843,APPROVE,Sender account emptied to zero after transaction; Accounting inconsistency in sender balance; Accounting inconsistency in receiver balance,2.564,lgbm_v1
replay_248,e12a7480-fa75-4641-8b80-7ba5dc340af4,0.004902,APPROVE,Accounting inconsistency in sender balance; Sender account emptied to zero after transaction; Unusually large transaction amount,3.535,lgbm_v1
replay_249,3cd54d55-63c7-4e20-8811-288c45ce2f6a,0.004905,APPROVE,Accounting inconsistency in sender balance; Sender account emptied to zero after transaction; Accounting inconsistency in receiver balance,3.764,lgbm_v1
replay_250,14ef3d23-946a-4e05-bd6e-42b20dd9aeef,0.004843,APPROVE,Sender account emptied to zero after transaction; Accounting inconsistency in sender balance; Accounting inconsistency in receiver balance,2.522,lgbm_v1
replay_251,bdb4c1e6-0f35-46ef-ae66-5d07cee634e7,0.004905,APPROVE,Accounting inconsistency in sender balance; Sender account emptied to zero after transaction; Accounting inconsistency in receiver balance,2.834,lgbm_v1
replay_252,18a5a5fa-1462-40cd-8d68-d60e47890712,0.004843,APPROVE,Sender account emptied to zero after transaction; Accounting inconsistency in sender balance; Accounting inconsistency in receiver balance,2.549,lgbm_v1
replay_253,2ecb5fcc-eab1-4f76-b711-8635c9fca374,0.004843,APPROVE,Sender account emptied to zero after transaction; Accounting inconsistency in sender balance; Accounting inconsistency in receiver balance,2.565,lgbm_v1
replay_254,4c47eff6-a941-45a8-a0ef-0620bff4e05d,0.004953,APPROVE,Accounting inconsistency in sender balance; Sender account emptied to zero after transaction; Unusually large transaction amount,2.631,lgbm_v1
replay_255,331e020d-70e3-45c4-a29a-0170036184d9,0.004843,APPROVE,Sender account emptied to zero after transaction; Accounting inconsistency in sender balance; Accounting inconsistency in receiver balance,2.966,lgbm_v1
replay_256,bef95022-b509-41ea-8cb2-06c7cdc61292,0.004905,APPROVE,Accounting inconsistency in sender balance; Sender account emptied to zero after transaction; Accounting inconsistency in receiver balance,35.221,lgbm_v1
replay_257,a7357d5f-e6a0-4813-ad29-2875403b48a5,0.004905,APPROVE,Accounting inconsistency in receiver balance; Sender account emptied to zero after transaction; Account being drained — amount near full balance,59.561,lgbm_v1
replay_258,5bd90c47-1526-47c7-b3b3-15f74c50bc96,0.004853,APPROVE,Transaction type is high-risk; Accounting inconsistency in receiver balance; Sender account emptied to zero after transaction,4.126,lgbm_v1
replay_259,5922167e-b565-47b9-9a3f-79853969573e,0.004905,APPROVE,Accounting inconsistency in sender balance; Sender account emptied to zero after transaction; Accounting inconsistency in receiver balance,32.856,lgbm_v1
replay_260,fe522756-7124-4e85-94d2-df8526f89232,0.0048,APPROVE,Accounting inconsistency in sender balance; Sender account emptied to zero after transaction; Unusually large transaction amount,3.13,lgbm_v1
replay_261,ac8d89f2-febd-42c5-9c1f-b84193f97d20,0.004902,APPROVE,Accounting inconsistency in sender balance; Sender account emptied to zero after transaction; Account being drained — amount near full balance,3.298,lgbm_v1
replay_262,eaa54b07-4a49-4f3b-9187-4e5e89ef7c42,0.004902,APPROVE,Accounting inconsistency in sender balance; Sender account emptied to zero after transaction; Accounting inconsistency in receiver balance,3.242,lgbm_v1
replay_263,e0c77bd2-2bb7-4596-a5c6-6433fa205958,0.004905,APPROVE,Accounting inconsistency in sender balance; Sender account emptied to zero after transaction; Accounting inconsistency in receiver balance,4.181,lgbm_v1
replay_264,f1698b9b-cabd-4f90-9e8c-b615707d6ae4,0.004843,APPROVE,Sender account emptied to zero after transaction; Accounting inconsistency in sender balance; Accounting inconsistency in receiver balance,3.005,lgbm_v1
replay_265,9428d946-e76e-473f-9f1e-48be654a3370,0.004905,APPROVE,Sender account emptied to zero after transaction; Accounting inconsistency in receiver balance; Accounting inconsistency in sender balance,2.708,lgbm_v1
replay_266,6e5c3da6-f218-4656-8872-63fbd3d8531a,0.004902,APPROVE,Accounting inconsistency in sender balance; Sender account emptied to zero after transaction; Account being drained — amount near full balance,2.653,lgbm_v1
replay_267,3a978e85-2249-44b5-960f-d6a4b5d8a64b,0.004901,APPROVE,Sender account emptied to zero after transaction; Accounting inconsistency in receiver balance; Accounting inconsistency in sender balance,2.644,lgbm_v1
replay_268,7a4e3778-32f3-4eff-9a65-716743683dac,0.004902,APPROVE,Accounting inconsistency in sender balance; Sender account emptied to zero after transaction; Accounting inconsistency in receiver balance,3.21,lgbm_v1
replay_269,2dd03acc-93ed-46bb-a168-4fb85b6e98be,0.004905,APPROVE,Sender account emptied to zero after transaction; Accounting inconsistency in receiver balance; Accounting inconsistency in sender balance,2.618,lgbm_v1
replay_270,43fa4bdf-acbc-4fe6-8d72-a4b91aae4d73,0.004902,APPROVE,Accounting inconsistency in sender balance; Sender account emptied to zero after transaction; Unusually large transaction amount,3.231,lgbm_v1
replay_271,8938c951-97f2-4952-9db1-7003c06a8b84,0.004901,APPROVE,Accounting inconsistency in sender balance; Sender account emptied to zero after transaction; Accounting inconsistency in receiver balance,2.724,lgbm_v1
replay_272,ec6732bd-6ad9-4291-82e2-306b731dbc02,0.004843,APPROVE,Sender account emptied to zero after transaction; Accounting inconsistency in sender balance; Accounting inconsistency in receiver balance,2.675,lgbm_v1
replay_273,c8033689-9ae2-4784-8e50-6bea6306990b,0.004905,APPROVE,Accounting inconsistency in sender balance; Sender account emptied to zero after transaction; Accounting inconsistency in receiver balance,2.684,lgbm_v1
replay_274,f5412277-4203-4108-b77f-5cff3f4fca7e,0.00481,APPROVE,Accounting inconsistency in sender balance; Sender account emptied to zero after transaction; Unusually large transaction amount,3.313,lgbm_v1
replay_275,29b9fcb1-0bb2-4c93-94e9-cc01f3bba7cc,0.004905,APPROVE,Sender account emptied to zero after transaction; Accounting inconsistency in sender balance; Accounting inconsistency in receiver balance,2.987,lgbm_v1
replay_276,4ab6a8ad-5288-4a6e-a58f-0abecd66792f,0.004905,APPROVE,Accounting inconsistency in sender balance; Sender account emptied to zero after transaction; Accounting inconsistency in receiver balance,2.503,lgbm_v1
replay_277,1dbb8bd9-7dcf-4d2e-876e-6ff076943ad4,0.004898,APPROVE,Accounting inconsistency in sender balance; Sender account emptied to zero after transaction; Accounting inconsistency in receiver balance,2.758,lgbm_v1
replay_278,2d085d13-9111-4729-b516-a14047f164e3,0.004853,APPROVE,Transaction type is high-risk; Unusually large transaction amount; Accounting inconsistency in receiver balance,2.631,lgbm_v1
replay_279,595e42d7-3350-4897-8071-e158f0499e76,0.004895,APPROVE,Sender account emptied to zero after transaction; Accounting inconsistency in receiver balance; Accounting inconsistency in sender balance,3.341,lgbm_v1
replay_280,db5ff437-eaae-43f7-873c-3449b5303090,0.004901,APPROVE,Accounting inconsistency in sender balance; Sender account emptied to zero after transaction; Accounting inconsistency in receiver balance,2.703,lgbm_v1
replay_281,83d49fd5-8232-4d11-b29c-9db0ace47946,0.004901,APPROVE,Accounting inconsistency in sender balance; Sender account emptied to zero after transaction; Accounting inconsistency in receiver balance,2.575,lgbm_v1
replay_282,ac431040-5784-45aa-8f63-f59175dadbcd,0.004843,APPROVE,Sender account emptied to zero after transaction; Accounting inconsistency in sender balance; Accounting inconsistency in receiver balance,3.179,lgbm_v1
replay_283,98a625c9-79c4-41ff-a991-80bf3075cae4,0.004853,APPROVE,Unusually large transaction amount; Accounting inconsistency in sender balance; Transaction type is high-risk,2.642,lgbm_v1
replay_284,f963b69a-f4d4-48b5-ab71-a97ca5e08993,0.004905,APPROVE,Accounting inconsistency in sender balance; Sender account emptied to zero after transaction; Accounting inconsistency in receiver balance,2.546,lgbm_v1
replay_285,edc672e5-ecc2-48d6-9b33-ee0401d2761f,0.004905,APPROVE,Accounting inconsistency in sender balance; Sender account emptied to zero after transaction; Accounting inconsistency in receiver balance,2.661,lgbm_v1
replay_286,5c0b141b-e01a-4a53-923b-bf96a63d2b8b,0.004853,APPROVE,Transaction type is high-risk; Accounting inconsistency in receiver balance; Unusually large transaction amount,2.642,lgbm_v1
replay_287,75c8de43-b366-4433-a646-4d7923a05387,0.004843,APPROVE,Sender account emptied to zero after transaction; Accounting inconsistency in sender balance; Accounting inconsistency in receiver balance,2.561,lgbm_v1
replay_288,96830259-ffce-4151-9cd6-ce115b1d1eb0,0.004853,APPROVE,Unusually large transaction amount; Accounting inconsistency in receiver balance; Transaction type is high-risk,2.57,lgbm_v1
replay_289,1960b1b5-4c60-44f9-971b-5295a1cbac43,0.004853,APPROVE,Transaction type is high-risk; Unusually large transaction amount; Accounting inconsistency in receiver balance,5.261,lgbm_v1
replay_290,1783421c-dcbd-442a-853c-6313ae2f2a52,0.004901,APPROVE,Sender account emptied to zero after transaction; Accounting inconsistency in receiver balance; Accounting inconsistency in sender balance,2.662,lgbm_v1
replay_291,b0cdff68-8c5b-45a6-9b06-b2cf4d1bf951,0.004889,APPROVE,Accounting inconsistency in sender balance; Sender account emptied to zero after transaction; Accounting inconsistency in receiver balance,3.09,lgbm_v1
replay_292,6d150a27-7338-4284-a54a-d61e18e4570a,0.004843,APPROVE,Sender account emptied to zero after transaction; Accounting inconsistency in sender balance; Accounting inconsistency in receiver balance,6.106,lgbm_v1
replay_293,8c85590e-7eb2-48d3-a35c-7bbe326e237f,0.004853,APPROVE,Transaction type is high-risk; Accounting inconsistency in receiver balance; Sender account emptied to zero after transaction,9.365,lgbm_v1
replay_294,2494e393-8e99-47ad-aa4e-ebb00f31f641,0.004905,APPROVE,Accounting inconsistency in sender balance; Sender account emptied to zero after transaction; Accounting inconsistency in receiver balance,4.929,lgbm_v1
replay_295,8dec8eee-4571-4ad5-bdc9-25374e1249c3,0.004843,APPROVE,Sender account emptied to zero after transaction; Accounting inconsistency in receiver balance; Accounting inconsistency in sender balance,2.669,lgbm_v1
replay_296,e749e91d-f37e-43ab-85da-1b60f7b67bd0,0.004902,APPROVE,Sender account emptied to zero after transaction; Accounting inconsistency in sender balance; Unusually large transaction amount,2.634,lgbm_v1
replay_297,745a4bd4-c365-40d2-a112-a94c65289d9e,0.004853,APPROVE,Transaction type is high-risk; Accounting inconsistency in receiver balance; Unusually large transaction amount,2.569,lgbm_v1
replay_298,3ec5dae5-3a10-4e10-bbbe-ff827a10f60f,0.004786,APPROVE,Accounting inconsistency in sender balance; Sender account emptied to zero after transaction; Accounting inconsistency in receiver balance,2.56,lgbm_v1
replay_299,4e98c709-4423-4df6-8719-8ddaf1364443,0.004905,APPROVE,Sender account emptied to zero after transaction; Accounting inconsistency in receiver balance; Accounting inconsistency in sender balance,2.721,lgbm_v1
replay_300,41a3ca69-a737-4ac6-b5bb-e1105b6010e3,0.004843,APPROVE,Sender account emptied to zero after transaction; Accounting inconsistency in sender balance; Accounting inconsistency in receiver balance,2.616,lgbm_v1
replay_301,b0b98f83-e9a5-451c-869b-51e07c54dc33,0.004905,APPROVE,Accounting inconsistency in receiver balance; Accounting inconsistency in sender balance; Unusually large transaction amount,2.696,lgbm_v1
replay_302,f288eb30-09e0-42b5-af1e-b0065d4a0c9a,0.004905,APPROVE,Accounting inconsistency in sender balance; Sender account emptied to zero after transaction; Accounting inconsistency in receiver balance,2.791,lgbm_v1
replay_303,75c442c4-f722-482b-8e52-d6bed88cd0af,0.004853,APPROVE,Transaction type is high-risk; Accounting inconsistency in receiver balance; Unusually large transaction amount,2.648,lgbm_v1
replay_304,790713e5-dbb8-44d2-8be7-bfacaee70904,0.004901,APPROVE,Sender account emptied to zero after transaction; Accounting inconsistency in receiver balance; Accounting inconsistency in sender balance,2.719,lgbm_v1
replay_305,9c749779-9665-496c-b1aa-de5b203a529f,0.004929,APPROVE,Accounting inconsistency in sender balance; Sender account emptied to zero after transaction; Unusually large transaction amount,3.31,lgbm_v1
replay_306,505f3937-5641-4042-be88-59008983bcf7,0.004929,APPROVE,Accounting inconsistency in sender balance; Sender account emptied to zero after transaction; Accounting inconsistency in receiver balance,2.6,lgbm_v1
replay_307,20370131-ce7e-49dd-a5d3-eb2e93820def,0.004901,APPROVE,Accounting inconsistency in sender balance; Sender account emptied to zero after transaction; Accounting inconsistency in receiver balance,2.634,lgbm_v1
replay_308,50514ca9-0535-4181-b9d2-f7272647dd1f,0.004902,APPROVE,Accounting inconsistency in sender balance; Sender account emptied to zero after transaction; Unusually large transaction amount,2.63,lgbm_v1
replay_309,726cb7b8-5117-4db7-b45a-3f7b4ad8babe,0.004902,APPROVE,Accounting inconsistency in sender balance; Sender account emptied to zero after transaction; Unusually large transaction amount,2.763,lgbm_v1
replay_310,f352855d-6f1d-488d-9928-5ff1f1d264ac,0.004843,APPROVE,Sender account emptied to zero after transaction; Accounting inconsistency in sender balance; Accounting inconsistency in receiver balance,2.64,lgbm_v1
replay_311,7a14ed06-fd64-4ab4-bb21-cf68872f712e,0.004843,APPROVE,Sender account emptied to zero after transaction; Accounting inconsistency in sender balance; Account being drained — amount near full balance,2.615,lgbm_v1
replay_312,d9a82526-e145-478d-b100-6213998931af,0.004905,APPROVE,Accounting inconsistency in receiver balance; Sender account emptied to zero after transaction; Accounting inconsistency in sender balance,2.584,lgbm_v1
replay_313,bb97fc2e-bc7f-4581-9964-c6026ce9e40b,0.004843,APPROVE,Sender account emptied to zero after transaction; Accounting inconsistency in sender balance; Accounting inconsistency in receiver balance,3.008,lgbm_v1
replay_314,1e338a7c-aa93-437a-9b56-58084b9eef3c,0.004901,APPROVE,Accounting inconsistency in sender balance; Sender account emptied to zero after transaction; Accounting inconsistency in receiver balance,2.588,lgbm_v1
replay_315,373a3b34-fdce-4b43-84ca-fca9eb980b18,0.004843,APPROVE,Sender account emptied to zero after transaction; Accounting inconsistency in sender balance; Accounting inconsistency in receiver balance,2.793,lgbm_v1
replay_316,92397fe4-1a9b-4b04-b538-b2b7a302178d,0.004905,APPROVE,Accounting inconsistency in receiver balance; Unusually large transaction amount; Accounting inconsistency in sender balance,2.632,lgbm_v1
replay_317,38d30f10-c51a-4048-8a10-5b8311539d37,0.004898,APPROVE,Accounting inconsistency in sender balance; Sender account emptied to zero after transaction; Accounting inconsistency in receiver balance,2.653,lgbm_v1
replay_318,0bdc7bdc-07f9-4070-a7f4-abd3ab09cf24,0.004853,APPROVE,Transaction type is high-risk; Accounting inconsistency in receiver balance; Unusually large transaction amount,2.661,lgbm_v1
replay_319,98a04e9d-d3a4-4c9c-a94c-63967a47cb9b,0.00493,APPROVE,Accounting inconsistency in sender balance; Sender account emptied to zero after transaction; Unusually large transaction amount,2.671,lgbm_v1
replay_320,9b72312d-184a-44ef-bc21-0819e1dd05eb,0.004906,APPROVE,Accounting inconsistency in sender balance; Sender account emptied to zero after transaction; Unusually large transaction amount,2.766,lgbm_v1
replay_321,8714c9bb-7cc4-4a55-a9f3-4cfb184d2505,0.004853,APPROVE,Accounting inconsistency in receiver balance; Unusually large transaction amount; Transaction type is high-risk,2.626,lgbm_v1
replay_322,cd0316a7-4736-48f8-a9f8-30d6c87d3413,0.004853,APPROVE,Transaction type is high-risk; Accounting inconsistency in receiver balance; Sender account emptied to zero after transaction,2.553,lgbm_v1
replay_323,55784940-aea3-435b-af21-2d28639f3380,0.004895,APPROVE,Sender account emptied to zero after transaction; Accounting inconsistency in receiver balance; Accounting inconsistency in sender balance,4.022,lgbm_v1
replay_324,a21a1369-0784-4834-bf61-365849135819,0.004843,APPROVE,Sender account emptied to zero after transaction; Accounting inconsistency in sender balance; Accounting inconsistency in receiver balance,2.787,lgbm_v1
replay_325,5a9be267-bef3-43ed-9992-e91802798200,0.004929,APPROVE,Accounting inconsistency in sender balance; Sender account emptied to zero after transaction; Unusually large transaction amount,2.534,lgbm_v1
replay_326,a0082e30-583b-455b-8746-f7f504de3618,0.004843,APPROVE,Sender account emptied to zero after transaction; Accounting inconsistency in sender balance; Accounting inconsistency in receiver balance,2.512,lgbm_v1
replay_327,bffbd95f-f410-4727-9871-d7c25c933331,0.004901,APPROVE,Accounting inconsistency in sender balance; Sender account emptied to zero after transaction; Accounting inconsistency in receiver balance,2.753,lgbm_v1
replay_328,b31f219e-adf3-4291-b9fa-5bee5293dce9,0.004905,APPROVE,Accounting inconsistency in receiver balance; Accounting inconsistency in sender balance; Sender account emptied to zero after transaction,2.706,lgbm_v1
replay_329,51758426-811f-4fca-9fb1-2f195a4252df,0.004843,APPROVE,Sender account emptied to zero after transaction; Accounting inconsistency in receiver balance; Accounting inconsistency in sender balance,2.553,lgbm_v1
replay_330,dbb98c0b-6823-4635-81ba-2d2740d635df,0.004843,APPROVE,Sender account emptied to zero after transaction; Accounting inconsistency in sender balance; Accounting inconsistency in receiver balance,2.577,lgbm_v1
replay_331,0e79abda-c6ba-4d50-9900-85b6cc7e6de8,0.004843,APPROVE,Accounting inconsistency in receiver balance; Unusually large transaction amount; Sender account emptied to zero after transaction,2.853,lgbm_v1
replay_332,bdea3bf6-d3be-4935-bf49-6cef28129c69,0.004902,APPROVE,Accounting inconsistency in sender balance; Sender account emptied to zero after transaction; Accounting inconsistency in receiver balance,2.821,lgbm_v1
replay_333,a336181c-6b05-472b-9ae2-4a348413bdcd,0.004853,APPROVE,Transaction type is high-risk; Accounting inconsistency in receiver balance; Sender account emptied to zero after transaction,2.807,lgbm_v1
replay_334,71e6cf09-f8a3-4e4b-85da-a53ee421109c,0.004744,APPROVE,Sender account emptied to zero after transaction; Accounting inconsistency in sender balance; Unusually large transaction amount,2.867,lgbm_v1
replay_335,691b5ce6-60a6-4def-8a17-b9cb3e63c801,0.004929,APPROVE,Accounting inconsistency in sender balance; Sender account emptied to zero after transaction; Accounting inconsistency in receiver balance,2.712,lgbm_v1
replay_336,e7d547f1-7b64-4454-9908-4990cc22738c,0.004843,APPROVE,Sender account emptied to zero after transaction; Accounting inconsistency in sender balance; Accounting inconsistency in receiver balance,2.618,lgbm_v1
replay_337,7b7906d9-7ded-4976-8bdb-3c576c8d50f0,0.004901,APPROVE,Accounting inconsistency in sender balance; Sender account emptied to zero after transaction; Accounting inconsistency in receiver balance,2.851,lgbm_v1
replay_338,36650b95-f215-4a83-b737-a2ba429c51f4,0.004843,APPROVE,Sender account emptied to zero after transaction; Accounting inconsistency in sender balance; Accounting inconsistency in receiver balance,2.573,lgbm_v1
replay_339,e7ac84b5-d5ca-420c-a0d5-328433bd670d,0.004885,APPROVE,Accounting inconsistency in sender balance; Sender account emptied to zero after transaction; Accounting inconsistency in receiver balance,2.664,lgbm_v1
replay_340,ef8cbbb8-3f5e-4b52-addc-610aa69f8fce,0.004853,APPROVE,Transaction type is high-risk; Unusually large transaction amount; Sender account emptied to zero after transaction,2.582,lgbm_v1
replay_341,25e0becd-6a0e-4077-873b-e5dca26915b2,0.004905,APPROVE,Accounting inconsistency in sender balance; Sender account emptied to zero after transaction; Accounting inconsistency in receiver balance,3.498,lgbm_v1
replay_342,d68736c6-62af-451b-a56a-7344997e7294,0.004905,APPROVE,Accounting inconsistency in sender balance; Sender account emptied to zero after transaction; Accounting inconsistency in receiver balance,2.829,lgbm_v1
replay_343,0ec06398-8715-4b9a-a7af-ebcc295bd266,0.004902,APPROVE,Accounting inconsistency in sender balance; Sender account emptied to zero after transaction; Unusually large transaction amount,4.542,lgbm_v1
replay_344,e5c718fb-95e8-4315-86dc-07d419a025e5,0.004905,APPROVE,Accounting inconsistency in sender balance; Sender account emptied to zero after transaction; Accounting inconsistency in receiver balance,2.669,lgbm_v1
replay_345,10da85d9-fe6c-4cb7-879b-19117a019c06,0.004905,APPROVE,Accounting inconsistency in sender balance; Sender account emptied to zero after transaction; Accounting inconsistency in receiver balance,2.724,lgbm_v1
replay_346,0dc43d3f-8933-4e3f-be0e-faa1109cc2b3,0.004889,APPROVE,Accounting inconsistency in sender balance; Sender account emptied to zero after transaction; Accounting inconsistency in receiver balance,2.973,lgbm_v1
replay_347,ddee34d9-04ba-44c4-89fb-aaca5f8d2759,0.004853,APPROVE,Transaction type is high-risk; Unusually large transaction amount; Accounting inconsistency in sender balance,2.763,lgbm_v1
replay_348,a66c079f-219f-4e1b-9de0-26f7da36d111,0.004901,APPROVE,Accounting inconsistency in sender balance; Sender account emptied to zero after transaction; Accounting inconsistency in receiver balance,2.632,lgbm_v1
replay_349,e9cf6a08-e58f-424b-98ca-6a3ba2ececb9,0.004889,APPROVE,Accounting inconsistency in sender balance; Sender account emptied to zero after transaction; Accounting inconsistency in receiver balance,2.742,lgbm_v1
replay_350,094d66d4-f018-47f5-bfe8-fad474af0b28,0.004845,APPROVE,Accounting inconsistency in sender balance; Sender account emptied to zero after transaction; Account being drained — amount near full balance,2.799,lgbm_v1
replay_351,0c2e427e-e620-4eff-b7b9-7896e6e47ebe,0.004901,APPROVE,Accounting inconsistency in sender balance; Sender account emptied to zero after transaction; Accounting inconsistency in receiver balance,2.689,lgbm_v1
replay_352,87182d23-406a-41bf-8101-dcf6904c00ea,0.004843,APPROVE,Sender account emptied to zero after transaction; Accounting inconsistency in sender balance; Accounting inconsistency in receiver balance,2.901,lgbm_v1
replay_353,bb1a5f97-5b32-4787-9c2e-c47d77184452,0.004843,APPROVE,Sender account emptied to zero after transaction; Accounting inconsistency in sender balance; Accounting inconsistency in receiver balance,2.625,lgbm_v1
replay_354,ddd63b44-3ce6-404b-a083-b69821b1550d,0.004853,APPROVE,Transaction type is high-risk; Unusually large transaction amount; Sender account emptied to zero after transaction,2.619,lgbm_v1
replay_355,b9dee562-0585-44a8-97dd-f983ad63b47e,0.004843,APPROVE,Sender account emptied to zero after transaction; Accounting inconsistency in sender balance; Accounting inconsistency in receiver balance,2.89,lgbm_v1
replay_356,ea70bcd8-718c-458b-af02-acfc42d7ec0c,0.004889,APPROVE,Accounting inconsistency in sender balance; Sender account emptied to zero after transaction; Accounting inconsistency in receiver balance,3.466,lgbm_v1
replay_357,c0af7249-82b7-4c65-bce6-6c4843ce43f3,0.004853,APPROVE,Accounting inconsistency in receiver balance; Transaction type is high-risk; Unusually large transaction amount,2.672,lgbm_v1
replay_358,cd809fc4-6342-4ddf-9fc6-0e99873f96e6,0.004905,APPROVE,Accounting inconsistency in receiver balance; Unusually large transaction amount; Accounting inconsistency in sender balance,2.68,lgbm_v1
replay_359,d752dca5-78b9-49c4-8cba-e404e11c53fa,0.004901,APPROVE,Accounting inconsistency in sender balance; Sender account emptied to zero after transaction; Accounting inconsistency in receiver balance,2.654,lgbm_v1
replay_360,a423dc13-aff1-4ffa-a77f-ed18f40bfe56,0.004902,APPROVE,Accounting inconsistency in sender balance; Sender account emptied to zero after transaction; Accounting inconsistency in receiver balance,2.668,lgbm_v1
replay_361,147b62d8-fe72-483c-b182-862988acd7de,0.004843,APPROVE,Sender account emptied to zero after transaction; Accounting inconsistency in sender balance; Unusually large transaction amount,2.545,lgbm_v1
replay_362,a4d0e30e-3af3-4fec-98ca-5d29da5ac9bf,0.004853,APPROVE,Transaction type is high-risk; Accounting inconsistency in receiver balance; Unusually large transaction amount,2.596,lgbm_v1
replay_363,a9fb66bb-fbe4-470b-b27c-173b0c3070cd,0.004901,APPROVE,Accounting inconsistency in sender balance; Sender account emptied to zero after transaction; Accounting inconsistency in receiver balance,3.632,lgbm_v1
replay_364,7321b5ff-6f3a-4d81-91dc-424f77055215,0.004889,APPROVE,Accounting inconsistency in sender balance; Sender account emptied to zero after transaction; Unusually large transaction amount,2.717,lgbm_v1
replay_365,b5b7d952-5bca-4797-a596-87c26a0f854a,0.004905,APPROVE,Accounting inconsistency in sender balance; Sender account emptied to zero after transaction; Accounting inconsistency in receiver balance,2.607,lgbm_v1
replay_366,a2e6bc94-3fb6-4671-b3e9-6ed6013f6b01,0.004843,APPROVE,Sender account emptied to zero after transaction; Accounting inconsistency in sender balance; Accounting inconsistency in receiver balance,2.605,lgbm_v1
replay_367,530b6843-bca2-433f-80d2-6dc7cb8d767c,0.004901,APPROVE,Accounting inconsistency in sender balance; Sender account emptied to zero after transaction; Accounting inconsistency in receiver balance,2.825,lgbm_v1
replay_368,a727bf87-1d06-455b-beb5-05a7d055b9e1,0.004901,APPROVE,Sender account emptied to zero after transaction; Accounting inconsistency in receiver balance; Accounting inconsistency in sender balance,2.64,lgbm_v1
replay_369,205fb2af-1751-46be-9446-e3d08468d720,0.004898,APPROVE,Accounting inconsistency in sender balance; Sender account emptied to zero after transaction; Accounting inconsistency in receiver balance,2.844,lgbm_v1
replay_370,5c74f5f2-d843-42c3-8c2b-85b151d4dfe7,0.004929,APPROVE,Accounting inconsistency in sender balance; Sender account emptied to zero after transaction; Unusually large transaction amount,2.749,lgbm_v1
replay_371,20386ac4-bdd2-4ccb-9e2b-e8ba81bb077f,0.004905,APPROVE,Accounting inconsistency in receiver balance; Unusually large transaction amount; Accounting inconsistency in sender balance,2.823,lgbm_v1
replay_372,301350d6-a02c-45bd-89f1-c848ed3948b3,0.004905,APPROVE,Accounting inconsistency in sender balance; Sender account emptied to zero after transaction; Accounting inconsistency in receiver balance,2.522,lgbm_v1
replay_373,aafe3d5f-816a-4138-8797-69e5af2451f3,0.004853,APPROVE,Transaction type is high-risk; Accounting inconsistency in receiver balance; Unusually large transaction amount,3.647,lgbm_v1
replay_374,0f50d340-b342-4930-b90b-b2be8a30e383,0.004902,APPROVE,Accounting inconsistency in sender balance; Sender account emptied to zero after transaction; Accounting inconsistency in receiver balance,2.746,lgbm_v1
replay_375,31b65b63-e246-4f81-a460-0d1b6858c4bf,0.004843,APPROVE,Sender account emptied to zero after transaction; Accounting inconsistency in sender balance; Accounting inconsistency in receiver balance,2.881,lgbm_v1
replay_376,54198f83-101c-43cd-8347-e8d497ad0c2e,0.004843,APPROVE,Sender account emptied to zero after transaction; Accounting inconsistency in sender balance; Accounting inconsistency in receiver balance,2.614,lgbm_v1
replay_377,d1eb29ca-5092-4537-abb9-b14cb7b694fa,0.004853,APPROVE,Accounting inconsistency in receiver balance; Unusually large transaction amount; Transaction type is high-risk,2.872,lgbm_v1
replay_378,bc764972-1fd9-4df3-aac7-a97f71de044a,0.004843,APPROVE,Sender account emptied to zero after transaction; Accounting inconsistency in sender balance; Accounting inconsistency in receiver balance,2.666,lgbm_v1
replay_379,86f603d8-7f13-4e06-acd7-c369c5a567d1,0.004895,APPROVE,Sender account emptied to zero after transaction; Accounting inconsistency in receiver balance; Accounting inconsistency in sender balance,2.719,lgbm_v1
replay_380,de83c542-613d-4b1d-8b90-1f3f4b6d2391,0.004901,APPROVE,Accounting inconsistency in sender balance; Sender account emptied to zero after transaction; Accounting inconsistency in receiver balance,2.508,lgbm_v1
replay_381,cbebbcb1-56e3-46e8-8671-2ae0f1298591,0.004901,APPROVE,Accounting inconsistency in sender balance; Sender account emptied to zero after transaction; Accounting inconsistency in receiver balance,2.575,lgbm_v1
replay_382,59cf4473-d577-47c5-9326-031b9c702c2a,0.004905,APPROVE,Accounting inconsistency in receiver balance; Unusually large transaction amount; Accounting inconsistency in sender balance,2.606,lgbm_v1
replay_383,ca48fff6-8184-48d9-8dac-87553c849a83,0.004853,APPROVE,Transaction type is high-risk; Unusually large transaction amount; Accounting inconsistency in sender balance,2.676,lgbm_v1
replay_384,795cbf59-ecff-49a6-aca4-6b91a32cc85f,0.004798,APPROVE,Accounting inconsistency in sender balance; Sender account emptied to zero after transaction; Transaction type is high-risk,2.665,lgbm_v1
replay_385,8a8bdc31-09c7-46cc-84f9-942fbfcad5b2,0.004902,APPROVE,Accounting inconsistency in sender balance; Sender account emptied to zero after transaction; Accounting inconsistency in receiver balance,2.661,lgbm_v1
replay_386,24146d36-87c2-4404-8720-f88f5893234f,0.004905,APPROVE,Accounting inconsistency in sender balance; Sender account emptied to zero after transaction; Accounting inconsistency in receiver balance,2.687,lgbm_v1
replay_387,42dc2eeb-9011-458b-9a6a-fcbba6228220,0.004843,APPROVE,Sender account emptied to zero after transaction; Accounting inconsistency in sender balance; Accounting inconsistency in receiver balance,5.493,lgbm_v1
replay_388,6e352801-8f8e-4296-bed9-a087f6dfae57,0.004853,APPROVE,Transaction type is high-risk; Unusually large transaction amount; Accounting inconsistency in receiver balance,3.206,lgbm_v1
replay_389,0897da5b-c8e3-49a8-8287-8660a1b6488d,0.004843,APPROVE,Sender account emptied to zero after transaction; Accounting inconsistency in receiver balance; Accounting inconsistency in sender balance,2.696,lgbm_v1
replay_390,bf18cacd-23cd-4417-b5fe-2cd9102308cc,0.004901,APPROVE,Accounting inconsistency in sender balance; Sender account emptied to zero after transaction; Accounting inconsistency in receiver balance,3.14,lgbm_v1
replay_391,e001c829-90ee-4d33-b286-e14a2d08e3a0,0.00493,APPROVE,Accounting inconsistency in sender balance; Sender account emptied to zero after transaction; Unusually large transaction amount,2.743,lgbm_v1
replay_392,ff1a5f2e-c1e9-4f11-a90e-7031a26b2290,0.004889,APPROVE,Accounting inconsistency in sender balance; Sender account emptied to zero after transaction; Accounting inconsistency in receiver balance,2.519,lgbm_v1
replay_393,c6da0ec1-4ba6-4ccf-a760-23176834d31f,0.004896,APPROVE,Accounting inconsistency in sender balance; Sender account emptied to zero after transaction; Accounting inconsistency in receiver balance,2.775,lgbm_v1
replay_394,5a03b154-d157-439f-b4ce-d2138d99ec44,0.004901,APPROVE,Accounting inconsistency in sender balance; Sender account emptied to zero after transaction; Accounting inconsistency in receiver balance,2.644,lgbm_v1
replay_395,81f738b2-bb1c-4f3c-905f-121eca26f0b0,0.004853,APPROVE,Transaction type is high-risk; Unusually large transaction amount; Accounting inconsistency in sender balance,2.785,lgbm_v1
replay_396,498a9a88-23f7-4fd2-8fd6-adee89baf22f,0.004899,APPROVE,Accounting inconsistency in sender balance; Sender account emptied to zero after transaction; Unusually large transaction amount,2.633,lgbm_v1
replay_397,9e28e579-cb40-4257-aba4-ebe0b7209b57,0.004843,APPROVE,Sender account emptied to zero after transaction; Accounting inconsistency in sender balance; Accounting inconsistency in receiver balance,2.782,lgbm_v1
replay_398,dcd32baa-faa4-4b90-8e20-fb0786650836,0.004905,APPROVE,Accounting inconsistency in sender balance; Sender account emptied to zero after transaction; Accounting inconsistency in receiver balance,2.702,lgbm_v1
replay_399,80c69e3d-96ff-4ff7-be33-fbfe120b7168,0.004866,APPROVE,Accounting inconsistency in sender balance; Sender account emptied to zero after transaction; Accounting inconsistency in receiver balance,3.021,lgbm_v1
replay_400,eac9d45c-a7fd-4fb4-957f-d4791192b18e,0.004843,APPROVE,Sender account emptied to zero after transaction; Accounting inconsistency in sender balance; Accounting inconsistency in receiver balance,3.357,lgbm_v1
replay_401,5641adbd-e47c-4772-a323-dacd3d94b9ae,0.004905,APPROVE,Accounting inconsistency in receiver balance; Sender account emptied to zero after transaction; Accounting inconsistency in sender balance,2.821,lgbm_v1
replay_402,8f07558d-9e8c-479f-bfce-cefe55ba1641,0.004895,APPROVE,Sender account emptied to zero after transaction; Accounting inconsistency in receiver balance; Accounting inconsistency in sender balance,2.648,lgbm_v1
replay_403,91545288-88fc-4cba-9fca-5820aa6b8c46,0.004905,APPROVE,Accounting inconsistency in sender balance; Sender account emptied to zero after transaction; Accounting inconsistency in receiver balance,2.599,lgbm_v1
replay_404,3559fc4e-2877-4d78-b0b1-92b2af48db73,0.004902,APPROVE,Accounting inconsistency in sender balance; Sender account emptied to zero after transaction; Accounting inconsistency in receiver balance,3.202,lgbm_v1
replay_405,423ee69e-123c-4fd1-a8b9-99c40e592f74,0.00481,APPROVE,Accounting inconsistency in sender balance; Sender account emptied to zero after transaction; Unusually large transaction amount,2.74,lgbm_v1
replay_406,0fce2268-9a35-4477-9954-a9a4171fcec1,0.004901,APPROVE,Accounting inconsistency in sender balance; Sender account emptied to zero after transaction; Accounting inconsistency in receiver balance,2.752,lgbm_v1
replay_407,8d6a3261-ebed-400a-a14e-a69fb19bebed,0.00481,APPROVE,Accounting inconsistency in sender balance; Sender account emptied to zero after transaction; Unusually large transaction amount,2.501,lgbm_v1
replay_408,3deb652d-127e-4dbc-b420-ab191aa17f12,0.004843,APPROVE,Sender account emptied to zero after transaction; Accounting inconsistency in sender balance; Accounting inconsistency in receiver balance,2.495,lgbm_v1
replay_409,8f29eb52-53e8-4fe8-a14c-942102e40695,0.004889,APPROVE,Accounting inconsistency in sender balance; Sender account emptied to zero after transaction; Accounting inconsistency in receiver balance,2.747,lgbm_v1
replay_410,2e42d7e4-a0e3-450e-b4c3-bdc14c29c6f5,0.004843,APPROVE,Sender account emptied to zero after transaction; Accounting inconsistency in sender balance; Unusually large transaction amount,2.528,lgbm_v1
replay_411,86ee77d8-dadc-4103-9a7f-ecc7106e040e,0.004843,APPROVE,Sender account emptied to zero after transaction; Accounting inconsistency in sender balance; Accounting inconsistency in receiver balance,3.364,lgbm_v1
replay_412,72e7f025-21d3-4d08-ae95-2dfeb696be7c,0.231484,REVIEW,Unusually large transaction amount; Accounting inconsistency in receiver balance; Sender account emptied to zero after transaction,2.872,lgbm_v1
replay_413,b53b4ba9-5d6c-47e1-88a6-ae38b5e615b6,0.004853,APPROVE,Accounting inconsistency in sender balance; Sender account emptied to zero after transaction; Transaction type is high-risk,2.956,lgbm_v1
replay_414,29c65eff-a0d0-469a-bfda-f9b80a0736fc,0.004889,APPROVE,Accounting inconsistency in sender balance; Sender account emptied to zero after transaction; Unusually large transaction amount,2.525,lgbm_v1
replay_415,5403dfa3-bc5b-45fb-ab22-05124ef0cd9d,0.004899,APPROVE,Accounting inconsistency in sender balance; Sender account emptied to zero after transaction; Unusually large transaction amount,3.15,lgbm_v1
replay_416,baa2b0d2-cc0e-4058-99d5-0431c6e4ab89,0.004722,APPROVE,Accounting inconsistency in sender balance; Sender account emptied to zero after transaction; Accounting inconsistency in receiver balance,2.677,lgbm_v1
replay_417,64d9278a-0ba2-48e9-bdc9-4711ec1a86ea,0.004905,APPROVE,Accounting inconsistency in receiver balance; Sender account emptied to zero after transaction; Accounting inconsistency in sender balance,2.665,lgbm_v1
replay_418,e0149a95-cf05-47d2-ad9b-cf6374bf93d9,0.004901,APPROVE,Accounting inconsistency in sender balance; Sender account emptied to zero after transaction; Accounting inconsistency in receiver balance,2.673,lgbm_v1
replay_419,f2a84de7-7d67-4b69-b5d3-57a857d420a0,0.004905,APPROVE,Accounting inconsistency in sender balance; Sender account emptied to zero after transaction; Accounting inconsistency in receiver balance,2.853,lgbm_v1
replay_420,5ed156ef-a664-4463-a7f1-1da484d800f4,0.004895,APPROVE,Sender account emptied to zero after transaction; Accounting inconsistency in receiver balance; Accounting inconsistency in sender balance,2.694,lgbm_v1
replay_421,ab96edc0-f206-41b1-8ccc-5ddabff48b90,0.004901,APPROVE,Accounting inconsistency in sender balance; Sender account emptied to zero after transaction; Accounting inconsistency in receiver balance,3.015,lgbm_v1
replay_422,3c161e67-97f3-464c-b0ba-34322938cc1b,0.004843,APPROVE,Sender account emptied to zero after transaction; Accounting inconsistency in sender balance; Unusually large transaction amount,6.664,lgbm_v1
replay_423,a4cef626-04a9-4a97-a990-aabf2dd380fc,0.004843,APPROVE,Sender account emptied to zero after transaction; Accounting inconsistency in sender balance; Accounting inconsistency in receiver balance,3.424,lgbm_v1
replay_424,e3d5d5e6-df21-4e50-8b23-66671f0c6de1,0.004853,APPROVE,Transaction type is high-risk; Unusually large transaction amount; Accounting inconsistency in sender balance,3.201,lgbm_v1
replay_425,1fbd7c63-dab6-49e2-ab50-8c469da813e1,0.004843,APPROVE,Sender account emptied to zero after transaction; Accounting inconsistency in sender balance; Accounting inconsistency in receiver balance,2.79,lgbm_v1
replay_426,2921daab-ea40-42b8-bcfa-c32569d0ac7e,0.004902,APPROVE,Accounting inconsistency in sender balance; Sender account emptied to zero after transaction; Accounting inconsistency in receiver balance,3.697,lgbm_v1
replay_427,46e0c6d7-87c0-4f6c-a9f5-c70157a5663b,0.004843,APPROVE,Sender account emptied to zero after transaction; Accounting inconsistency in sender balance; Accounting inconsistency in receiver balance,3.257,lgbm_v1
replay_428,8a78a774-4b0e-4694-be4d-86a2d59c1f38,0.004898,APPROVE,Accounting inconsistency in sender balance; Sender account emptied to zero after transaction; Unusually large transaction amount,3.292,lgbm_v1
replay_429,4fc14bc6-a25e-48f1-bf03-d70561ff6d93,0.004902,APPROVE,Accounting inconsistency in sender balance; Sender account emptied to zero after transaction; Accounting inconsistency in receiver balance,3.321,lgbm_v1
replay_430,e1fdf760-2bb8-4c46-b167-f7c10b1a350a,0.004902,APPROVE,Accounting inconsistency in sender balance; Sender account emptied to zero after transaction; Unusually large transaction amount,2.758,lgbm_v1
replay_431,7d6cb043-d15d-41ea-be8e-0d0d91cac5cb,0.004744,APPROVE,Sender account emptied to zero after transaction; Accounting inconsistency in sender balance; Unusually large transaction amount,2.825,lgbm_v1
replay_432,826faf2d-9c3e-4aeb-9a93-fa102d2743ef,0.004898,APPROVE,Accounting inconsistency in sender balance; Sender account emptied to zero after transaction; Accounting inconsistency in receiver balance,2.833,lgbm_v1
replay_433,69faf7dd-f69b-4e63-b9eb-5a26515af2c5,0.004902,APPROVE,Accounting inconsistency in sender balance; Sender account emptied to zero after transaction; Account being drained — amount near full balance,3.02,lgbm_v1
replay_434,d52120a5-4952-4b0d-a4aa-521718e3e2f9,0.004853,APPROVE,Transaction type is high-risk; Unusually large transaction amount; Accounting inconsistency in sender balance,2.789,lgbm_v1
replay_435,546f595d-63f0-456d-b1aa-b770a7354dc3,0.004853,APPROVE,Transaction type is high-risk; Unusually large transaction amount; Accounting inconsistency in receiver balance,2.725,lgbm_v1
replay_436,1226d338-90e5-4c4b-8f12-05bdf79c51f2,0.004843,APPROVE,Sender account emptied to zero after transaction; Accounting inconsistency in sender balance; Accounting inconsistency in receiver balance,4.433,lgbm_v1
replay_437,d193221d-a5f6-4ab8-b5f5-b28f3dd1a003,0.004898,APPROVE,Account being drained — amount near full balance; Sender account emptied to zero after transaction; Accounting inconsistency in sender balance,2.837,lgbm_v1
replay_438,ae0532fd-73d8-4cd9-982c-afb191c44ddd,0.004853,APPROVE,Transaction type is high-risk; Accounting inconsistency in receiver balance; Unusually large transaction amount,2.779,lgbm_v1
replay_439,0c64f6e2-0e9b-4e88-9a46-326621c23c68,0.004904,APPROVE,Accounting inconsistency in sender balance; Sender account emptied to zero after transaction; Unusually large transaction amount,2.689,lgbm_v1
replay_440,b3ec13f5-3d35-4e27-a4c9-30f7ae58909c,0.004853,APPROVE,Accounting inconsistency in receiver balance; Transaction type is high-risk; Unusually large transaction amount,2.743,lgbm_v1
replay_441,485e24df-436c-4902-9682-c33072742fd1,0.004902,APPROVE,Accounting inconsistency in sender balance; Sender account emptied to zero after transaction; Account being drained — amount near full balance,2.536,lgbm_v1
replay_442,633037e5-52d1-4c3b-8b7b-7dc83894d99f,0.004902,APPROVE,Accounting inconsistency in sender balance; Sender account emptied to zero after transaction; Unusually large transaction amount,2.547,lgbm_v1
replay_443,16c32f8d-86d3-48e1-b3b0-781332c88bbc,0.004905,APPROVE,Sender account emptied to zero after transaction; Accounting inconsistency in sender balance; Accounting inconsistency in receiver balance,2.752,lgbm_v1
replay_444,7836c00c-d31c-48c2-b770-953c288d9747,0.0048,APPROVE,Transaction type is high-risk; Sender account emptied to zero after transaction; Accounting inconsistency in sender balance,2.612,lgbm_v1
replay_445,7cc28a19-37c8-44fd-ab12-bb9d3536d707,0.00493,APPROVE,Accounting inconsistency in sender balance; Sender account emptied to zero after transaction; Accounting inconsistency in receiver balance,3.055,lgbm_v1
replay_446,ce57eec0-b258-40be-ac07-531c6b5ae3b5,0.004853,APPROVE,Transaction type is high-risk; Sender account emptied to zero after transaction; Accounting inconsistency in receiver balance,2.682,lgbm_v1
replay_447,025bea41-aaf7-4a00-842c-a0f33aa87864,0.004853,APPROVE,Transaction type is high-risk; Accounting inconsistency in receiver balance; Sender account emptied to zero after transaction,2.72,lgbm_v1
replay_448,7d6467b1-0110-49f3-a35a-ce3dffd96054,0.004901,APPROVE,Accounting inconsistency in sender balance; Sender account emptied to zero after transaction; Accounting inconsistency in receiver balance,3.005,lgbm_v1
replay_449,cb31069f-a155-40ed-817f-978a56a71d97,0.004853,APPROVE,Transaction type is high-risk; Accounting inconsistency in receiver balance; Sender account emptied to zero after transaction,2.693,lgbm_v1
replay_450,1f6c1a05-f997-4c85-a9b0-73905e285e0e,0.004898,APPROVE,Accounting inconsistency in sender balance; Sender account emptied to zero after transaction; Accounting inconsistency in receiver balance,2.677,lgbm_v1
replay_451,fd806610-3dff-4f5a-97c8-f02d7eba44b8,0.004901,APPROVE,Accounting inconsistency in sender balance; Sender account emptied to zero after transaction; Accounting inconsistency in receiver balance,2.638,lgbm_v1
replay_452,99c87a95-1c30-4c89-b396-97811966ad90,0.0048,APPROVE,Sender account emptied to zero after transaction; Accounting inconsistency in sender balance; Transaction type is high-risk,2.653,lgbm_v1
replay_453,cadddee7-3274-41f5-b1c7-3772722f84dd,0.004905,APPROVE,Accounting inconsistency in sender balance; Sender account emptied to zero after transaction; Accounting inconsistency in receiver balance,2.657,lgbm_v1
replay_454,89435b80-1ef9-4a16-919c-b54b7770f3e3,0.004847,APPROVE,Accounting inconsistency in sender balance; Sender account emptied to zero after transaction; Unusually large transaction amount,2.512,lgbm_v1
replay_455,07ba7923-4c75-4553-9bab-5e02d7ecfb27,0.004902,APPROVE,Accounting inconsistency in sender balance; Sender account emptied to zero after transaction; Transaction type is high-risk,2.989,lgbm_v1
replay_456,f7ba4d32-9910-430e-bbc9-4bc539c8aa03,0.004902,APPROVE,Accounting inconsistency in sender balance; Sender account emptied to zero after transaction; Account being drained — amount near full balance,2.544,lgbm_v1
replay_457,8ff409e7-6a86-4874-9fa5-6ece0748cfb8,0.004853,APPROVE,Transaction type is high-risk; Unusually large transaction amount; Sender account emptied to zero after transaction,2.56,lgbm_v1
replay_458,6c2e7220-ac3a-4281-a734-dce61cab8fce,0.004905,APPROVE,Sender account emptied to zero after transaction; Accounting inconsistency in sender balance; Accounting inconsistency in receiver balance,2.668,lgbm_v1
replay_459,72dea3c8-0eab-455f-8b28-559e1733892b,0.004905,APPROVE,Accounting inconsistency in sender balance; Sender account emptied to zero after transaction; Accounting inconsistency in receiver balance,2.565,lgbm_v1
replay_460,3a09d0ba-058b-4375-af5d-6b54d08fb011,0.004905,APPROVE,Accounting inconsistency in sender balance; Sender account emptied to zero after transaction; Accounting inconsistency in receiver balance,2.684,lgbm_v1
replay_461,46e32e42-2a10-425e-9fa2-2cbfd9f81e7b,0.004901,APPROVE,Accounting inconsistency in sender balance; Sender account emptied to zero after transaction; Accounting inconsistency in receiver balance,2.637,lgbm_v1
replay_462,80c675f2-afe8-4133-b696-0d6c06757dcd,0.004853,APPROVE,Transaction type is high-risk; Accounting inconsistency in receiver balance; Unusually large transaction amount,3.592,lgbm_v1
replay_463,10c16d91-6542-4f76-9438-6234ec44d360,0.004866,APPROVE,Accounting inconsistency in sender balance; Sender account emptied to zero after transaction; Accounting inconsistency in receiver balance,2.852,lgbm_v1
replay_464,0144c54d-da18-4d4a-afa9-fa8ab589255d,0.004843,APPROVE,Sender account emptied to zero after transaction; Accounting inconsistency in sender balance; Accounting inconsistency in receiver balance,5.054,lgbm_v1
replay_465,3e737a52-a456-43bb-bdf1-51d669b184a4,0.004772,APPROVE,Accounting inconsistency in sender balance; Sender account emptied to zero after transaction; Unusually large transaction amount,2.719,lgbm_v1
replay_466,4be78baf-33c8-49a4-9da7-859dc4543329,0.004901,APPROVE,Accounting inconsistency in sender balance; Sender account emptied to zero after transaction; Accounting inconsistency in receiver balance,2.458,lgbm_v1
replay_467,ded78b5b-edc4-42a3-a959-7b05215d5999,0.00493,APPROVE,Accounting inconsistency in sender balance; Sender account emptied to zero after transaction; Unusually large transaction amount,2.637,lgbm_v1
replay_468,e5cbd626-6f83-4937-8fb2-adaa091a7031,0.004843,APPROVE,Sender account emptied to zero after transaction; Accounting inconsistency in sender balance; Accounting inconsistency in receiver balance,2.581,lgbm_v1
replay_469,75915d66-260d-4574-b070-d59e6e7b50ef,0.004843,APPROVE,Sender account emptied to zero after transaction; Accounting inconsistency in sender balance; Accounting inconsistency in receiver balance,2.746,lgbm_v1
replay_470,0a40121a-89d7-4d15-8e97-8f1b45d4fb1e,0.004853,APPROVE,Transaction type is high-risk; Accounting inconsistency in receiver balance; Unusually large transaction amount,2.691,lgbm_v1
replay_471,a07ff208-f790-409f-8956-07bac0eaa16c,0.004889,APPROVE,Accounting inconsistency in sender balance; Sender account emptied to zero after transaction; Accounting inconsistency in receiver balance,3.012,lgbm_v1
replay_472,42451104-9c2d-4be3-87dd-8e11203cab13,0.004929,APPROVE,Accounting inconsistency in sender balance; Sender account emptied to zero after transaction; Unusually large transaction amount,3.03,lgbm_v1
replay_473,bf38f018-f5d9-45f4-893d-37807bb37237,0.004902,APPROVE,Accounting inconsistency in sender balance; Sender account emptied to zero after transaction; Accounting inconsistency in receiver balance,2.62,lgbm_v1
replay_474,c74551a1-44e8-43b4-9be5-0b3181e0b7d7,0.004905,APPROVE,Accounting inconsistency in sender balance; Sender account emptied to zero after transaction; Accounting inconsistency in receiver balance,2.651,lgbm_v1
replay_475,59e8956b-bf06-4e21-ad2b-d2034032e31a,0.004905,APPROVE,Accounting inconsistency in sender balance; Sender account emptied to zero after transaction; Accounting inconsistency in receiver balance,2.794,lgbm_v1
replay_476,8c57a956-2e89-4e8e-8a0c-31759358f546,0.004898,APPROVE,Accounting inconsistency in sender balance; Sender account emptied to zero after transaction; Accounting inconsistency in receiver balance,2.822,lgbm_v1
replay_477,4caaa6cf-b89e-472b-840e-9276ad05f52d,0.004853,APPROVE,Transaction type is high-risk; Accounting inconsistency in receiver balance; Sender account emptied to zero after transaction,2.668,lgbm_v1
replay_478,5c30b11a-f773-4394-866e-2ca87b66b427,0.004953,APPROVE,Accounting inconsistency in sender balance; Sender account emptied to zero after transaction; Unusually large transaction amount,2.657,lgbm_v1
replay_479,a5f1ce5a-1cd2-499a-b9ae-9a0309ab39fe,0.004905,APPROVE,Accounting inconsistency in receiver balance; Accounting inconsistency in sender balance; Sender account emptied to zero after transaction,2.681,lgbm_v1
replay_480,844a8985-72fc-4616-9662-022ba63e856b,0.004853,APPROVE,Transaction type is high-risk; Unusually large transaction amount; Accounting inconsistency in receiver balance,2.603,lgbm_v1
replay_481,e010e32e-4dc8-4e33-8c52-9c6295e894da,0.004853,APPROVE,Accounting inconsistency in receiver balance; Unusually large transaction amount; Transaction type is high-risk,2.793,lgbm_v1
replay_482,4b7e0ea5-ef4c-44a3-8bae-363de9bded9a,0.004843,APPROVE,Sender account emptied to zero after transaction; Accounting inconsistency in sender balance; Unusually large transaction amount,4.321,lgbm_v1
replay_483,e534afbe-89f4-4048-8fe4-19523ec89b17,0.004905,APPROVE,Accounting inconsistency in sender balance; Sender account emptied to zero after transaction; Accounting inconsistency in receiver balance,2.593,lgbm_v1
replay_484,9081fc33-bf64-48d9-b2aa-cd71d358f79c,0.004843,APPROVE,Sender account emptied to zero after transaction; Accounting inconsistency in receiver balance; Accounting inconsistency in sender balance,2.645,lgbm_v1
replay_485,1f4e7c9b-9e02-49de-ab4d-46e83621827b,0.004905,APPROVE,Accounting inconsistency in sender balance; Sender account emptied to zero after transaction; Accounting inconsistency in receiver balance,2.876,lgbm_v1
replay_486,668f915d-9a1f-4650-bb9e-61a9eb345b74,0.004652,APPROVE,Accounting inconsistency in sender balance; Sender account emptied to zero after transaction; Accounting inconsistency in receiver balance,2.895,lgbm_v1
replay_487,cd504880-fbb8-4bd4-8045-f61a991f3f31,0.004843,APPROVE,Sender account emptied to zero after transaction; Accounting inconsistency in sender balance; Accounting inconsistency in receiver balance,2.692,lgbm_v1
replay_488,3154abdc-036f-4ba3-9577-0c9a792626d5,0.004843,APPROVE,Sender account emptied to zero after transaction; Accounting inconsistency in sender balance; Accounting inconsistency in receiver balance,2.616,lgbm_v1
replay_489,6b1a8812-e72d-40ba-91fe-1c11980fa97f,0.004611,APPROVE,Sender account emptied to zero after transaction; Account being drained — amount near full balance; Accounting inconsistency in sender balance,2.537,lgbm_v1
replay_490,ae74b0e9-46e6-482d-ad34-f2fca9a3cb98,0.00481,APPROVE,Accounting inconsistency in sender balance; Sender account emptied to zero after transaction; Unusually large transaction amount,3.026,lgbm_v1
replay_491,18cee54b-06ee-4ffc-9ec6-86fced8fa48a,0.004902,APPROVE,Accounting inconsistency in sender balance; Sender account emptied to zero after transaction; Accounting inconsistency in receiver balance,2.611,lgbm_v1
replay_492,827b93a4-cd4a-4542-a60c-c16937718ccc,0.004895,APPROVE,Sender account emptied to zero after transaction; Accounting inconsistency in receiver balance; Accounting inconsistency in sender balance,2.665,lgbm_v1
replay_493,9b478877-f478-4f49-9611-d557c9c4a95c,0.004902,APPROVE,Accounting inconsistency in sender balance; Sender account emptied to zero after transaction; Account being drained — amount near full balance,2.498,lgbm_v1
replay_494,73069af4-9f12-46e3-81d4-0fe7e4170590,0.004902,APPROVE,Accounting inconsistency in sender balance; Sender account emptied to zero after transaction; Accounting inconsistency in receiver balance,2.833,lgbm_v1
replay_495,130934f2-db34-4bd4-92f9-354b7ce010ca,0.004853,APPROVE,Transaction type is high-risk; Accounting inconsistency in receiver balance; Sender account emptied to zero after transaction,2.609,lgbm_v1
replay_496,155bacdf-e8e9-4806-98fc-c1d9d9bb9f5c,0.004843,APPROVE,Sender account emptied to zero after transaction; Accounting inconsistency in sender balance; Accounting inconsistency in receiver balance,2.565,lgbm_v1
replay_497,e97c2324-97b7-4e9b-8375-62a5196c6fd5,0.004853,APPROVE,Transaction type is high-risk; Unusually large transaction amount; Sender account emptied to zero after transaction,4.254,lgbm_v1
replay_498,6906886d-a119-47b8-b144-c22eee320537,0.004905,APPROVE,Accounting inconsistency in sender balance; Sender account emptied to zero after transaction; Accounting inconsistency in receiver balance,2.73,lgbm_v1
replay_499,01ee85b7-ecf9-4f83-9d33-1347f54682bf,0.004843,APPROVE,Sender account emptied to zero after transaction; Accounting inconsistency in receiver balance; Accounting inconsistency in sender balance,2.8,lgbm_v1
replay_500,d2055c68-f480-41dd-ac80-2a16483fb035,0.004843,APPROVE,Sender account emptied to zero after transaction; Accounting inconsistency in sender balance; Accounting inconsistency in receiver balance,2.555,lgbm_v1
replay_501,87c1c9c1-f87d-49f9-8e8a-aa68c4cbad1e,0.004902,APPROVE,Accounting inconsistency in sender balance; Sender account emptied to zero after transaction; Account being drained — amount near full balance,2.527,lgbm_v1
replay_502,8f604993-2989-4526-ac38-1b4e8d0a999c,0.004905,APPROVE,Accounting inconsistency in receiver balance; Sender account emptied to zero after transaction; Accounting inconsistency in sender balance,2.55,lgbm_v1
replay_503,50eb3f92-c093-4f42-846c-e5236cbe2b79,0.004794,APPROVE,Accounting inconsistency in sender balance; Sender account emptied to zero after transaction; Unusually large transaction amount,2.663,lgbm_v1
replay_504,671d54d4-0b27-4213-bcd2-9e9a746ef647,0.004866,APPROVE,Accounting inconsistency in sender balance; Sender account emptied to zero after transaction; Accounting inconsistency in receiver balance,3.38,lgbm_v1
replay_505,660f4611-9bfb-46a6-ade7-db5dd0e8e3e3,0.004905,APPROVE,Accounting inconsistency in sender balance; Sender account emptied to zero after transaction; Accounting inconsistency in receiver balance,3.199,lgbm_v1
replay_506,4dbc0745-8adb-4764-8757-4cb91899cdb1,0.004889,APPROVE,Accounting inconsistency in sender balance; Sender account emptied to zero after transaction; Transaction type is high-risk,2.694,lgbm_v1
replay_507,c31a272a-f4af-4650-883c-05e3331b7ec6,0.004905,APPROVE,Accounting inconsistency in sender balance; Sender account emptied to zero after transaction; Accounting inconsistency in receiver balance,2.775,lgbm_v1
replay_508,6714cafc-ac44-47eb-8aa7-de27042d6594,0.004843,APPROVE,Sender account emptied to zero after transaction; Accounting inconsistency in sender balance; Unusually large transaction amount,3.045,lgbm_v1
replay_509,6853776f-ad1e-4fa6-b20d-1ce39e9b074b,0.004902,APPROVE,Accounting inconsistency in sender balance; Sender account emptied to zero after transaction; Unusually large transaction amount,3.066,lgbm_v1
replay_510,20eb48af-5f6f-4f9c-9e3b-3e57a665bfb1,0.004905,APPROVE,Accounting inconsistency in sender balance; Sender account emptied to zero after transaction; Accounting inconsistency in receiver balance,3.015,lgbm_v1
replay_511,6b9b687a-9f32-4df3-8812-a1e7e1b2b139,0.004843,APPROVE,Sender account emptied to zero after transaction; Accounting inconsistency in sender balance; Accounting inconsistency in receiver balance,5.952,lgbm_v1
replay_512,7d14a916-1e56-4a8f-a170-b6512ea543a3,0.00493,APPROVE,Accounting inconsistency in sender balance; Sender account emptied to zero after transaction; Accounting inconsistency in receiver balance,3.079,lgbm_v1
replay_513,a9f76198-2be5-40c9-a073-0062c25de446,0.004905,APPROVE,Accounting inconsistency in sender balance; Sender account emptied to zero after transaction; Accounting inconsistency in receiver balance,2.569,lgbm_v1
replay_514,bb659b23-0e0e-4704-a048-54d9b32823e8,0.004902,APPROVE,Accounting inconsistency in sender balance; Sender account emptied to zero after transaction; Account being drained — amount near full balance,2.651,lgbm_v1
replay_515,6a5af898-d3b7-4dba-9199-6dbfd252c197,0.004905,APPROVE,Sender account emptied to zero after transaction; Accounting inconsistency in sender balance; Accounting inconsistency in receiver balance,2.815,lgbm_v1
replay_516,6c4b7811-6ebb-45cf-8f9c-64c6f90b6bf8,0.004853,APPROVE,Transaction type is high-risk; Unusually large transaction amount; Accounting inconsistency in receiver balance,2.697,lgbm_v1
replay_517,7ca08da4-7222-4686-9a0f-bd50c3086b3c,0.004843,APPROVE,Sender account emptied to zero after transaction; Accounting inconsistency in sender balance; Accounting inconsistency in receiver balance,2.705,lgbm_v1
replay_518,5e02dd0e-9798-4bc3-9ff6-2de6200f797a,0.004895,APPROVE,Sender account emptied to zero after transaction; Accounting inconsistency in receiver balance; Accounting inconsistency in sender balance,2.565,lgbm_v1
replay_519,b3a39844-69ed-49c3-826d-c3db07e371ab,0.00481,APPROVE,Accounting inconsistency in sender balance; Sender account emptied to zero after transaction; Unusually large transaction amount,2.651,lgbm_v1
replay_520,8408b253-6357-4c22-aa5e-c026ce050998,0.004905,APPROVE,Accounting inconsistency in receiver balance; Sender account emptied to zero after transaction; Accounting inconsistency in sender balance,2.618,lgbm_v1
replay_521,3e90cd5e-30fa-4fa4-89be-cc3a0c9b22f3,0.004895,APPROVE,Sender account emptied to zero after transaction; Accounting inconsistency in receiver balance; Accounting inconsistency in sender balance,2.475,lgbm_v1
replay_522,8156d811-268c-4748-ad96-e05f11bd6bab,0.004843,APPROVE,Sender account emptied to zero after transaction; Accounting inconsistency in sender balance; Account being drained — amount near full balance,2.65,lgbm_v1
replay_523,841b1ea0-d776-44ca-aee4-f8dc9b147419,0.004901,APPROVE,Accounting inconsistency in sender balance; Sender account emptied to zero after transaction; Accounting inconsistency in receiver balance,2.671,lgbm_v1
replay_524,a3eb6254-76a2-4d4f-a8b1-b0da0487e729,0.004843,APPROVE,Sender account emptied to zero after transaction; Accounting inconsistency in sender balance; Accounting inconsistency in receiver balance,2.555,lgbm_v1
replay_525,415ddd69-7540-4bed-8313-bd3c27dc69a9,0.004853,APPROVE,Transaction type is high-risk; Accounting inconsistency in receiver balance; Sender account emptied to zero after transaction,5.734,lgbm_v1
replay_526,37be2088-f9ea-4d44-bb43-8b716720d6be,0.004905,APPROVE,Accounting inconsistency in sender balance; Sender account emptied to zero after transaction; Accounting inconsistency in receiver balance,3.243,lgbm_v1
replay_527,6c881e6d-4a9a-4ec6-914d-7007cbd5b76d,0.004948,APPROVE,Accounting inconsistency in sender balance; Sender account emptied to zero after transaction; Unusually large transaction amount,3.191,lgbm_v1
replay_528,6e6993d3-fe8b-48a9-97c3-b734dd9fd370,0.004889,APPROVE,Accounting inconsistency in sender balance; Sender account emptied to zero after transaction; Accounting inconsistency in receiver balance,2.934,lgbm_v1
replay_529,85b32990-fa0c-4737-b421-11714485014d,0.004853,APPROVE,Transaction type is high-risk; Accounting inconsistency in receiver balance; Unusually large transaction amount,2.926,lgbm_v1
replay_530,c9c0989d-a5f9-45af-98b5-b38c62dc40df,0.004843,APPROVE,Sender account emptied to zero after transaction; Accounting inconsistency in sender balance; Accounting inconsistency in receiver balance,3.928,lgbm_v1
replay_531,5abe01fb-8a51-4459-b51d-7606ece669e9,0.004843,APPROVE,Sender account emptied to zero after transaction; Accounting inconsistency in sender balance; Accounting inconsistency in receiver balance,2.643,lgbm_v1
replay_532,42a4d947-608e-4e34-bb5f-afccfad2e363,0.004905,APPROVE,Accounting inconsistency in sender balance; Sender account emptied to zero after transaction; Accounting inconsistency in receiver balance,2.833,lgbm_v1
replay_533,3a25d5d1-9d99-4ade-9a38-e1cb803342a4,0.004853,APPROVE,Transaction type is high-risk; Unusually large transaction amount; Accounting inconsistency in receiver balance,2.884,lgbm_v1
replay_534,2283ca57-89ad-4b1a-98b6-063c9ff47797,0.004889,APPROVE,Accounting inconsistency in sender balance; Sender account emptied to zero after transaction; Accounting inconsistency in receiver balance,2.651,lgbm_v1
replay_535,829b13b1-2d0f-4602-933e-7f13e3f598fe,0.004889,APPROVE,Accounting inconsistency in sender balance; Sender account emptied to zero after transaction; Accounting inconsistency in receiver balance,2.571,lgbm_v1
replay_536,572ee038-3022-4d28-90b7-109fe7d9a384,0.004905,APPROVE,Sender account emptied to zero after transaction; Accounting inconsistency in sender balance; Accounting inconsistency in receiver balance,2.602,lgbm_v1
replay_537,4946e6cf-ff4c-46e2-a69d-7ac8cdee2307,0.004895,APPROVE,Accounting inconsistency in sender balance; Sender account emptied to zero after transaction; Accounting inconsistency in receiver balance,2.527,lgbm_v1
replay_538,b966c842-64a5-4c05-beb5-1892d050cdff,0.004843,APPROVE,Sender account emptied to zero after transaction; Accounting inconsistency in sender balance; Accounting inconsistency in receiver balance,2.573,lgbm_v1
replay_539,feb4b9db-dcca-420e-b2f5-024f10cbd84e,0.004904,APPROVE,Accounting inconsistency in sender balance; Sender account emptied to zero after transaction; Accounting inconsistency in receiver balance,2.574,lgbm_v1
replay_540,63bdb1ed-0719-47ea-aede-cb8473e60d24,0.004853,APPROVE,Transaction type is high-risk; Accounting inconsistency in receiver balance; Sender account emptied to zero after transaction,2.519,lgbm_v1
replay_541,c6c725a7-785b-447b-835f-bc37d928a633,0.004843,APPROVE,Sender account emptied to zero after transaction; Accounting inconsistency in receiver balance; Accounting inconsistency in sender balance,2.48,lgbm_v1
replay_542,f1e7d13a-ff76-45d7-bf7f-c65152246ab4,0.004847,APPROVE,Accounting inconsistency in receiver balance; Sender account emptied to zero after transaction; Transaction type is high-risk,3.381,lgbm_v1
replay_543,61b37c16-4dee-4256-8a36-17a99bccebb7,0.004905,APPROVE,Accounting inconsistency in sender balance; Sender account emptied to zero after transaction; Accounting inconsistency in receiver balance,2.672,lgbm_v1
replay_544,32c981b7-0cb8-4f81-8b12-e4eeb8d21c9a,0.004843,APPROVE,Sender account emptied to zero after transaction; Accounting inconsistency in receiver balance; Accounting inconsistency in sender balance,2.61,lgbm_v1
replay_545,e4f4eada-4b60-43b7-8f90-8f13e005b74b,0.004953,APPROVE,Accounting inconsistency in sender balance; Sender account emptied to zero after transaction; Unusually large transaction amount,2.758,lgbm_v1
replay_546,6edaa0ff-7d93-4e92-93c4-c6f1e0c09b87,0.004905,APPROVE,Accounting inconsistency in sender balance; Sender account emptied to zero after transaction; Account being drained — amount near full balance,2.656,lgbm_v1
replay_547,285f5490-ac41-4c44-b4d1-75e8c17c8e83,0.004843,APPROVE,Sender account emptied to zero after transaction; Accounting inconsistency in sender balance; Accounting inconsistency in receiver balance,2.541,lgbm_v1
replay_548,b967d272-5527-493c-9c43-2a0e904f8ae6,0.004898,APPROVE,Accounting inconsistency in sender balance; Sender account emptied to zero after transaction; Accounting inconsistency in receiver balance,2.683,lgbm_v1
replay_549,54a2f553-160b-4fc2-8284-32932f445285,0.004902,APPROVE,Accounting inconsistency in sender balance; Sender account emptied to zero after transaction; Unusually large transaction amount,2.576,lgbm_v1
replay_550,a63d3e42-d95a-4931-8122-5c7f81f2acce,0.004843,APPROVE,Sender account emptied to zero after transaction; Accounting inconsistency in sender balance; Accounting inconsistency in receiver balance,2.542,lgbm_v1
replay_551,f7ccc3f9-cb2b-420b-b779-35f77e567490,0.004843,APPROVE,Sender account emptied to zero after transaction; Accounting inconsistency in sender balance; Accounting inconsistency in receiver balance,2.475,lgbm_v1
replay_552,8f74d856-72ee-43f8-bf5c-d1ac4b7f91aa,0.00481,APPROVE,Accounting inconsistency in sender balance; Sender account emptied to zero after transaction; Accounting inconsistency in receiver balance,5.077,lgbm_v1
replay_553,2fd397ae-fde8-460b-8d9c-daddb4e367c7,0.212288,REVIEW,Unusually large transaction amount; Accounting inconsistency in receiver balance; Sender account emptied to zero after transaction,2.519,lgbm_v1
replay_554,3001f6b5-e44a-4e6e-9d88-f7068860d3ac,0.004843,APPROVE,Sender account emptied to zero after transaction; Accounting inconsistency in sender balance; Accounting inconsistency in receiver balance,2.596,lgbm_v1
replay_555,a145645a-aa66-4bc0-9cb3-dfee5197fb2e,0.004901,APPROVE,Accounting inconsistency in sender balance; Sender account emptied to zero after transaction; Accounting inconsistency in receiver balance,2.595,lgbm_v1
replay_556,0d977e2f-8fe9-424a-a3a8-458e937967ea,0.011693,APPROVE,Accounting inconsistency in sender balance; Sender account emptied to zero after transaction; Unusually large transaction amount,2.78,lgbm_v1
replay_557,52b34d6c-e6d1-4088-bb15-4e72150e9ecb,0.004905,APPROVE,Sender account emptied to zero after transaction; Accounting inconsistency in receiver balance; Accounting inconsistency in sender balance,6.911,lgbm_v1
replay_558,a1192371-c1ff-48cb-9ec3-0d0b449107c5,0.004902,APPROVE,Accounting inconsistency in sender balance; Sender account emptied to zero after transaction; Accounting inconsistency in receiver balance,62.258,lgbm_v1
replay_559,64556dd8-6192-4068-9eb9-7389e340afb3,0.004843,APPROVE,Sender account emptied to zero after transaction; Accounting inconsistency in sender balance; Accounting inconsistency in receiver balance,3.554,lgbm_v1
replay_560,a97918fc-c5d2-4be2-be4d-373164caae5f,0.004843,APPROVE,Sender account emptied to zero after transaction; Accounting inconsistency in sender balance; Accounting inconsistency in receiver balance,3.11,lgbm_v1
replay_561,0f07f849-04cd-43e6-abbf-b79232d5cb5f,0.004843,APPROVE,Sender account emptied to zero after transaction; Accounting inconsistency in sender balance; Accounting inconsistency in receiver balance,7.89,lgbm_v1
replay_562,a9d75f71-4164-4561-a06b-c27581ca82c9,0.004895,APPROVE,Sender account emptied to zero after transaction; Accounting inconsistency in receiver balance; Accounting inconsistency in sender balance,2.804,lgbm_v1
replay_563,26244650-9948-4b66-9723-02b1e000167d,0.004905,APPROVE,Accounting inconsistency in sender balance; Sender account emptied to zero after transaction; Accounting inconsistency in receiver balance,2.733,lgbm_v1
replay_564,a8acea32-10b7-4213-bc41-e5c4d6d64fab,0.004905,APPROVE,Sender account emptied to zero after transaction; Accounting inconsistency in receiver balance; Accounting inconsistency in sender balance,3.022,lgbm_v1
replay_565,dfc8a0af-3a19-4680-98ab-193da529c9dc,0.004901,APPROVE,Accounting inconsistency in sender balance; Sender account emptied to zero after transaction; Accounting inconsistency in receiver balance,2.788,lgbm_v1
replay_566,e57da057-8a01-4b34-8ecc-48df148a49d3,0.004853,APPROVE,Transaction type is high-risk; Unusually large transaction amount; Accounting inconsistency in sender balance,2.77,lgbm_v1
replay_567,51ade961-59d3-433a-ad13-e30a5ce810d3,0.004899,APPROVE,Accounting inconsistency in sender balance; Sender account emptied to zero after transaction; Unusually large transaction amount,2.812,lgbm_v1
replay_568,ca6e7a24-e35c-4453-92c5-bac2845bb8f6,0.004853,APPROVE,Transaction type is high-risk; Unusually large transaction amount; Sender account emptied to zero after transaction,2.569,lgbm_v1
replay_569,0fc40b91-f97f-460e-a3e4-0e5130f5280d,0.004853,APPROVE,Transaction type is high-risk; Unusually large transaction amount; Accounting inconsistency in receiver balance,2.769,lgbm_v1
replay_570,3d761d0a-a330-47e1-b852-b3f1f20a682e,0.004901,APPROVE,Sender account emptied to zero after transaction; Accounting inconsistency in receiver balance; Accounting inconsistency in sender balance,3.237,lgbm_v1
replay_571,57b12eb0-8337-4b55-b8bd-a81f73742cb5,0.004905,APPROVE,Accounting inconsistency in receiver balance; Sender account emptied to zero after transaction; Accounting inconsistency in sender balance,3.505,lgbm_v1
replay_572,d4ec130e-9696-4d24-a682-22ce1112975e,0.004898,APPROVE,Accounting inconsistency in sender balance; Sender account emptied to zero after transaction; Accounting inconsistency in receiver balance,3.293,lgbm_v1
replay_573,bffbecf7-d930-4d6d-82fa-9c9edbd33239,0.004843,APPROVE,Sender account emptied to zero after transaction; Accounting inconsistency in sender balance; Accounting inconsistency in receiver balance,3.832,lgbm_v1
replay_574,185cdd2f-feed-435b-a785-b2b57b8d9520,0.004905,APPROVE,Accounting inconsistency in sender balance; Sender account emptied to zero after transaction; Accounting inconsistency in receiver balance,3.44,lgbm_v1
replay_575,a52ed04b-d6bb-43ab-a4bd-43a7978713c0,0.004905,APPROVE,Accounting inconsistency in sender balance; Sender account emptied to zero after transaction; Accounting inconsistency in receiver balance,3.558,lgbm_v1
replay_576,b9432838-5bc3-413e-be07-cbbf2880ffbc,0.004889,APPROVE,Accounting inconsistency in sender balance; Sender account emptied to zero after transaction; Transaction type is high-risk,3.093,lgbm_v1
replay_577,a51c9055-e95a-48dd-99af-8c223f9b5188,0.004901,APPROVE,Sender account emptied to zero after transaction; Accounting inconsistency in receiver balance; Accounting inconsistency in sender balance,2.731,lgbm_v1
replay_578,c019e100-2535-49f8-a548-7f6988296ff7,0.004843,APPROVE,Accounting inconsistency in receiver balance; Unusually large transaction amount; Sender account emptied to zero after transaction,2.74,lgbm_v1
replay_579,17c34a4e-8193-443b-ad91-324c715d354f,0.004901,APPROVE,Accounting inconsistency in sender balance; Sender account emptied to zero after transaction; Accounting inconsistency in receiver balance,2.656,lgbm_v1
replay_580,22a66b55-1b7e-4621-9593-bdc95a0cea59,0.004902,APPROVE,Accounting inconsistency in sender balance; Sender account emptied to zero after transaction; Account being drained — amount near full balance,4.101,lgbm_v1
replay_581,f48b00c0-7fe4-4732-8fa8-cfd3f9c8f44b,0.004898,APPROVE,Accounting inconsistency in sender balance; Sender account emptied to zero after transaction; Account being drained — amount near full balance,3.465,lgbm_v1
replay_582,41411e26-103b-4c64-9077-c33d457baf59,0.004901,APPROVE,Accounting inconsistency in sender balance; Sender account emptied to zero after transaction; Accounting inconsistency in receiver balance,2.967,lgbm_v1
replay_583,f005c988-57a2-4309-b756-a09c992f7d9d,0.004905,APPROVE,Accounting inconsistency in receiver balance; Sender account emptied to zero after transaction; Accounting inconsistency in sender balance,3.077,lgbm_v1
replay_584,3b6df5db-7698-433c-89e5-d9e7ff88d87b,0.004843,APPROVE,Sender account emptied to zero after transaction; Accounting inconsistency in sender balance; Accounting inconsistency in receiver balance,2.691,lgbm_v1
replay_585,237997fc-a553-40e7-9602-617ae6897bfa,0.004905,APPROVE,Accounting inconsistency in sender balance; Sender account emptied to zero after transaction; Accounting inconsistency in receiver balance,2.711,lgbm_v1
replay_586,2b861be1-232a-40fe-b3fd-a0e3688867bd,0.004929,APPROVE,Accounting inconsistency in sender balance; Sender account emptied to zero after transaction; Unusually large transaction amount,2.547,lgbm_v1
replay_587,94104602-b228-441f-9097-c94335f61196,0.004898,APPROVE,Accounting inconsistency in sender balance; Sender account emptied to zero after transaction; Accounting inconsistency in receiver balance,2.566,lgbm_v1
replay_588,7208c2e8-500f-4649-a3a0-a0e401832078,0.004843,APPROVE,Sender account emptied to zero after transaction; Accounting inconsistency in sender balance; Accounting inconsistency in receiver balance,2.996,lgbm_v1
replay_589,2538069c-052e-46e5-9f11-e74c93836d7c,0.004843,APPROVE,Sender account emptied to zero after transaction; Accounting inconsistency in sender balance; Accounting inconsistency in receiver balance,2.571,lgbm_v1
replay_590,014dd123-bbc0-45e5-98f9-750b0529b5d6,0.004744,APPROVE,Sender account emptied to zero after transaction; Accounting inconsistency in sender balance; Unusually large transaction amount,2.701,lgbm_v1
replay_591,6de126ed-1234-4f7b-8399-0dc4d4840508,0.004843,APPROVE,Sender account emptied to zero after transaction; Accounting inconsistency in sender balance; Accounting inconsistency in receiver balance,6.548,lgbm_v1
replay_592,822c3620-9f8e-454f-8c5f-64c0c591ab93,0.004905,APPROVE,Accounting inconsistency in receiver balance; Sender account emptied to zero after transaction; Accounting inconsistency in sender balance,2.624,lgbm_v1
replay_593,5f2bee53-9754-4b87-a995-1b72ffe10620,0.004905,APPROVE,Accounting inconsistency in receiver balance; Unusually large transaction amount; Accounting inconsistency in sender balance,2.604,lgbm_v1
replay_594,c2cb7801-c457-4a4d-a7c4-54bec720bda5,0.004853,APPROVE,Transaction type is high-risk; Unusually large transaction amount; Accounting inconsistency in receiver balance,2.58,lgbm_v1
replay_595,d6d829fa-c218-44a9-ab83-c86a45494f2e,0.004905,APPROVE,Accounting inconsistency in sender balance; Sender account emptied to zero after transaction; Account being drained — amount near full balance,2.563,lgbm_v1
replay_596,12187af6-49b8-44a2-8678-fc90b2c629e8,0.004905,APPROVE,Accounting inconsistency in sender balance; Sender account emptied to zero after transaction; Accounting inconsistency in receiver balance,2.711,lgbm_v1
replay_597,71d326d5-c4da-43f7-b5c3-c2f1e4f10f4c,0.004901,APPROVE,Accounting inconsistency in sender balance; Sender account emptied to zero after transaction; Accounting inconsistency in receiver balance,2.936,lgbm_v1
replay_598,a12025b4-454a-46bf-8dc1-831150bc7864,0.004843,APPROVE,Sender account emptied to zero after transaction; Accounting inconsistency in sender balance; Accounting inconsistency in receiver balance,2.714,lgbm_v1
replay_599,f64036e6-a0a0-40ce-8fa3-0708733222c0,0.004901,APPROVE,Accounting inconsistency in sender balance; Sender account emptied to zero after transaction; Accounting inconsistency in receiver balance,2.532,lgbm_v1
replay_600,bf6c16d6-4858-4262-99df-bad21bf14b9a,0.004843,APPROVE,Sender account emptied to zero after transaction; Accounting inconsistency in sender balance; Accounting inconsistency in receiver balance,2.595,lgbm_v1
replay_601,ab10ddcb-cc9f-4e6c-8c10-99d64290ccc9,0.004905,APPROVE,Accounting inconsistency in sender balance; Sender account emptied to zero after transaction; Accounting inconsistency in receiver balance,2.747,lgbm_v1
replay_602,d1d33424-054a-4768-a9c2-4a34406a1e58,0.004902,APPROVE,Accounting inconsistency in sender balance; Sender account emptied to zero after transaction; Unusually large transaction amount,2.819,lgbm_v1
replay_603,4fbc0962-0c37-45ff-8607-4a3d8e39ff87,0.004843,APPROVE,Sender account emptied to zero after transaction; Accounting inconsistency in sender balance; Accounting inconsistency in receiver balance,2.704,lgbm_v1
replay_604,ee421f07-6ab0-4648-abeb-d8848d074132,0.004901,APPROVE,Sender account emptied to zero after transaction; Accounting inconsistency in receiver balance; Accounting inconsistency in sender balance,2.68,lgbm_v1
replay_605,36650a54-48ae-4aeb-803e-5c339058d68c,0.004843,APPROVE,Sender account emptied to zero after transaction; Accounting inconsistency in sender balance; Accounting inconsistency in receiver balance,2.716,lgbm_v1
replay_606,ffa533c5-3913-415a-b392-65a7460ce41b,0.004905,APPROVE,Accounting inconsistency in sender balance; Sender account emptied to zero after transaction; Accounting inconsistency in receiver balance,2.943,lgbm_v1
replay_607,a4a2b3f7-b468-4417-8994-ddcff9a3c8ef,0.004902,APPROVE,Accounting inconsistency in sender balance; Sender account emptied to zero after transaction; Unusually large transaction amount,2.919,lgbm_v1
replay_608,58a42df8-f41c-4dd2-8a49-75e04c60db06,0.004901,APPROVE,Accounting inconsistency in sender balance; Sender account emptied to zero after transaction; Accounting inconsistency in receiver balance,2.636,lgbm_v1
replay_609,e1bbe275-2d03-42ff-8c56-1fcbd518ee56,0.004905,APPROVE,Accounting inconsistency in sender balance; Sender account emptied to zero after transaction; Accounting inconsistency in receiver balance,2.946,lgbm_v1
replay_610,589232c6-8e1c-48ff-abe0-15ed27941df1,0.004902,APPROVE,Accounting inconsistency in sender balance; Sender account emptied to zero after transaction; Account being drained — amount near full balance,2.842,lgbm_v1
replay_611,8f5cb6b3-6fd0-485f-8d80-b5cb6e01fd53,0.004853,APPROVE,Accounting inconsistency in sender balance; Transaction type is high-risk; Sender account emptied to zero after transaction,3.005,lgbm_v1
replay_612,cf62c5c8-fbd9-4d9f-a4af-a4a9ed2b484a,0.004953,APPROVE,Accounting inconsistency in sender balance; Sender account emptied to zero after transaction; Unusually large transaction amount,2.899,lgbm_v1
replay_613,e1fa8a1a-d18c-495e-9ce9-da8b121e060d,0.004902,APPROVE,Accounting inconsistency in sender balance; Sender account emptied to zero after transaction; Accounting inconsistency in receiver balance,2.672,lgbm_v1
replay_614,dbfdcc9b-4a90-4be4-a352-a56bb89a821c,0.004901,APPROVE,Accounting inconsistency in sender balance; Sender account emptied to zero after transaction; Accounting inconsistency in receiver balance,3.105,lgbm_v1
replay_615,6425b8e0-99e5-43ef-b532-23c339571228,0.004896,APPROVE,Accounting inconsistency in sender balance; Sender account emptied to zero after transaction; Accounting inconsistency in receiver balance,3.011,lgbm_v1
replay_616,a3f52faf-4abe-4d0a-a67f-7ce8b44c0df7,0.004902,APPROVE,Accounting inconsistency in sender balance; Sender account emptied to zero after transaction; Unusually large transaction amount,2.94,lgbm_v1
replay_617,67078cef-c75e-45a5-a957-502d2de9a0e3,0.004895,APPROVE,Sender account emptied to zero after transaction; Accounting inconsistency in receiver balance; Accounting inconsistency in sender balance,2.702,lgbm_v1
replay_618,6af00a1d-b2a0-4705-a5f1-5f3451ba7db1,0.004902,APPROVE,Accounting inconsistency in sender balance; Sender account emptied to zero after transaction; Accounting inconsistency in receiver balance,2.66,lgbm_v1
replay_619,7d424efa-e0d2-491b-b826-c68785d73580,0.004905,APPROVE,Sender account emptied to zero after transaction; Accounting inconsistency in receiver balance; Accounting inconsistency in sender balance,3.33,lgbm_v1
replay_620,b9ec5014-d766-4def-a176-8399f2dd5780,0.004901,APPROVE,Accounting inconsistency in sender balance; Sender account emptied to zero after transaction; Accounting inconsistency in receiver balance,3.012,lgbm_v1
replay_621,5d519856-ecce-49d0-bb15-16fb923351bc,0.004843,APPROVE,Sender account emptied to zero after transaction; Accounting inconsistency in sender balance; Accounting inconsistency in receiver balance,4.267,lgbm_v1
replay_622,b8be06e6-eef2-4af9-9a48-ca208c794131,0.004901,APPROVE,Accounting inconsistency in sender balance; Sender account emptied to zero after transaction; Accounting inconsistency in receiver balance,3.032,lgbm_v1
replay_623,43b3095a-6eb2-425b-af1a-436398ee5940,0.004843,APPROVE,Sender account emptied to zero after transaction; Accounting inconsistency in sender balance; Accounting inconsistency in receiver balance,2.96,lgbm_v1
replay_624,28f27b65-ee03-4b51-95d4-bfdf96a49896,0.004905,APPROVE,Accounting inconsistency in sender balance; Sender account emptied to zero after transaction; Accounting inconsistency in receiver balance,2.514,lgbm_v1
replay_625,dd05d65c-1433-4245-addc-e785b0db3dc0,0.004901,APPROVE,Accounting inconsistency in sender balance; Sender account emptied to zero after transaction; Accounting inconsistency in receiver balance,2.529,lgbm_v1
replay_626,ef978baa-cb08-4266-81f3-ec280b044d6a,0.004902,APPROVE,Accounting inconsistency in sender balance; Sender account emptied to zero after transaction; Unusually large transaction amount,2.856,lgbm_v1
replay_627,2214469d-ab29-46ef-848f-8102845bbcb7,0.004901,APPROVE,Accounting inconsistency in sender balance; Sender account emptied to zero after transaction; Accounting inconsistency in receiver balance,2.614,lgbm_v1
replay_628,9629f352-7221-43ce-94fc-54d84f4e6a71,0.004905,APPROVE,Accounting inconsistency in receiver balance; Sender account emptied to zero after transaction; Accounting inconsistency in sender balance,2.799,lgbm_v1
replay_629,e0bc4da1-9bcc-4bff-be3f-ac895402fa67,0.004905,APPROVE,Accounting inconsistency in receiver balance; Sender account emptied to zero after transaction; Accounting inconsistency in sender balance,2.692,lgbm_v1
replay_630,9c697b7a-7932-4657-8713-2d64990f9a23,0.004905,APPROVE,Accounting inconsistency in sender balance; Sender account emptied to zero after transaction; Accounting inconsistency in receiver balance,2.725,lgbm_v1
replay_631,77419288-d771-463b-be56-ffe46f130744,0.004898,APPROVE,Accounting inconsistency in sender balance; Sender account emptied to zero after transaction; Accounting inconsistency in receiver balance,2.578,lgbm_v1
replay_632,a63ce448-fefc-4f91-aeb0-0f9ce63696be,0.004794,APPROVE,Accounting inconsistency in sender balance; Sender account emptied to zero after transaction; Unusually large transaction amount,2.626,lgbm_v1
replay_633,6e508af9-2cd8-4033-b4b6-17e8df571bfb,0.004901,APPROVE,Accounting inconsistency in sender balance; Sender account emptied to zero after transaction; Accounting inconsistency in receiver balance,4.449,lgbm_v1
replay_634,3ad759f4-97a9-43fe-a89f-5769d72aadd4,0.004843,APPROVE,Sender account emptied to zero after transaction; Accounting inconsistency in sender balance; Accounting inconsistency in receiver balance,2.601,lgbm_v1
replay_635,b9779a22-56f2-4614-b10c-9696cb96bb8b,0.004901,APPROVE,Accounting inconsistency in sender balance; Sender account emptied to zero after transaction; Accounting inconsistency in receiver balance,2.773,lgbm_v1
replay_636,1f6fa556-e95e-4941-a300-7c265626fb26,0.004905,APPROVE,Accounting inconsistency in receiver balance; Accounting inconsistency in sender balance; Sender account emptied to zero after transaction,2.558,lgbm_v1
replay_637,6d864d6d-49e9-4189-9f7b-08ff50fc2dc2,0.004901,APPROVE,Accounting inconsistency in sender balance; Sender account emptied to zero after transaction; Accounting inconsistency in receiver balance,2.545,lgbm_v1
replay_638,f718928f-3469-48f2-b36d-0af5730f733d,0.004853,APPROVE,Transaction type is high-risk; Accounting inconsistency in receiver balance; Unusually large transaction amount,2.613,lgbm_v1
replay_639,d4bbffb8-2c3a-4ac0-8e4b-c9233d1fa0e6,0.004902,APPROVE,Accounting inconsistency in sender balance; Sender account emptied to zero after transaction; Accounting inconsistency in receiver balance,3.08,lgbm_v1
replay_640,3fa95d63-60e7-4d30-bbcb-6a21c852075c,0.005507,APPROVE,Accounting inconsistency in sender balance; Sender account emptied to zero after transaction; Unusually large transaction amount,2.606,lgbm_v1
replay_641,1ec5c0e5-2001-4088-a4db-80a3dcf89120,0.004905,APPROVE,Accounting inconsistency in receiver balance; Sender account emptied to zero after transaction; Accounting inconsistency in sender balance,2.499,lgbm_v1
replay_642,5450da9c-ee77-4dc6-a203-7936ce87b5b2,0.004902,APPROVE,Accounting inconsistency in sender balance; Sender account emptied to zero after transaction; Unusually large transaction amount,2.801,lgbm_v1
replay_643,756940b7-d410-4ba0-b80c-1545cf43e981,0.004853,APPROVE,Transaction type is high-risk; Accounting inconsistency in sender balance; Unusually large transaction amount,2.569,lgbm_v1
replay_644,43d0a85c-1b88-491b-a43e-11745446b481,0.00481,APPROVE,Accounting inconsistency in sender balance; Sender account emptied to zero after transaction; Unusually large transaction amount,2.723,lgbm_v1
replay_645,b3ccb697-1964-40c9-b383-1aa76aa278f4,0.004901,APPROVE,Accounting inconsistency in sender balance; Sender account emptied to zero after transaction; Accounting inconsistency in receiver balance,2.61,lgbm_v1
replay_646,de926eb9-b2f3-4e19-bc14-a9e73228ab98,0.004905,APPROVE,Accounting inconsistency in sender balance; Sender account emptied to zero after transaction; Accounting inconsistency in receiver balance,2.779,lgbm_v1
replay_647,aaeb14ac-8057-42ba-aa61-39900001e7dd,0.004889,APPROVE,Accounting inconsistency in sender balance; Sender account emptied to zero after transaction; Accounting inconsistency in receiver balance,9.586,lgbm_v1
replay_648,2052dfda-6a70-4b00-b8bc-e89ae320a20c,0.004843,APPROVE,Sender account emptied to zero after transaction; Accounting inconsistency in sender balance; Accounting inconsistency in receiver balance,3.866,lgbm_v1
replay_649,67a1d8fc-aa0c-4a89-902b-ddb6105a6bfc,0.005507,APPROVE,Accounting inconsistency in sender balance; Sender account emptied to zero after transaction; Unusually large transaction amount,2.838,lgbm_v1
replay_650,9c475a78-8dbc-44a5-b742-9220a77ab001,0.004905,APPROVE,Accounting inconsistency in sender balance; Sender account emptied to zero after transaction; Accounting inconsistency in receiver balance,3.105,lgbm_v1
replay_651,0ce8d881-e896-4019-b8ce-a34ea7e10fe4,0.004843,APPROVE,Sender account emptied to zero after transaction; Accounting inconsistency in sender balance; Accounting inconsistency in receiver balance,2.988,lgbm_v1
replay_652,5c7f8f1d-4109-4487-90da-f210417d6341,0.004901,APPROVE,Accounting inconsistency in sender balance; Sender account emptied to zero after transaction; Accounting inconsistency in receiver balance,2.856,lgbm_v1
replay_653,14bf199a-2ec5-4885-a3b2-ee547b3a1139,0.004843,APPROVE,Sender account emptied to zero after transaction; Accounting inconsistency in sender balance; Accounting inconsistency in receiver balance,2.879,lgbm_v1
replay_654,4353ae2c-21f9-49b4-bfca-7d029b283008,0.005505,APPROVE,Accounting inconsistency in sender balance; Sender account emptied to zero after transaction; Unusually large transaction amount,2.675,lgbm_v1
replay_655,dff5786d-45bd-4f36-9f16-02512fe5b3a5,0.004902,APPROVE,Accounting inconsistency in sender balance; Sender account emptied to zero after transaction; Unusually large transaction amount,2.791,lgbm_v1
replay_656,90cd8cc5-3d92-4c59-85bd-fafcf85aa5e5,0.00493,APPROVE,Accounting inconsistency in sender balance; Sender account emptied to zero after transaction; Unusually large transaction amount,2.662,lgbm_v1
replay_657,9643d31d-95ba-4ab8-8360-23fc95e56e66,0.004889,APPROVE,Accounting inconsistency in sender balance; Sender account emptied to zero after transaction; Accounting inconsistency in receiver balance,2.781,lgbm_v1
replay_658,4b17d0d0-221b-4d36-a2a7-2c404a326bdc,0.004905,APPROVE,Sender account emptied to zero after transaction; Accounting inconsistency in receiver balance; Accounting inconsistency in sender balance,2.589,lgbm_v1
replay_659,0ab6d70b-7338-411e-ad28-5e05c8cbe4b5,0.004758,APPROVE,Sender account emptied to zero after transaction; Accounting inconsistency in sender balance; Unusually large transaction amount,2.597,lgbm_v1
replay_660,9bba3ef7-1871-4449-8051-38c212520195,0.004895,APPROVE,Sender account emptied to zero after transaction; Accounting inconsistency in receiver balance; Accounting inconsistency in sender balance,2.481,lgbm_v1
replay_661,77cbc81d-639f-4ca7-bba5-4a9a035df4ac,0.004905,APPROVE,Accounting inconsistency in sender balance; Sender account emptied to zero after transaction; Accounting inconsistency in receiver balance,2.645,lgbm_v1
replay_662,85131ac5-76f0-48ac-83d9-86d578866336,0.010629,APPROVE,Sender account emptied to zero after transaction; Accounting inconsistency in sender balance; Accounting inconsistency in receiver balance,2.797,lgbm_v1
replay_663,bbc784bc-1ec9-476e-9b98-f80a255cf3e9,0.004889,APPROVE,Accounting inconsistency in sender balance; Sender account emptied to zero after transaction; Accounting inconsistency in receiver balance,2.748,lgbm_v1
replay_664,5cc7a949-a16d-4598-9722-738508b35874,0.004843,APPROVE,Sender account emptied to zero after transaction; Accounting inconsistency in sender balance; Accounting inconsistency in receiver balance,2.757,lgbm_v1
replay_665,47a57cd2-6110-47f9-8bb9-7b2a460e443f,0.00493,APPROVE,Accounting inconsistency in sender balance; Sender account emptied to zero after transaction; Unusually large transaction amount,2.676,lgbm_v1
replay_666,498e2f16-7d20-4f7a-b4cb-6f1407c6a783,0.004843,APPROVE,Sender account emptied to zero after transaction; Accounting inconsistency in sender balance; Accounting inconsistency in receiver balance,2.717,lgbm_v1
replay_667,1dc9de05-d8e6-4e4b-9f7a-a3c37b078f48,0.004843,APPROVE,Sender account emptied to zero after transaction; Accounting inconsistency in sender balance; Accounting inconsistency in receiver balance,2.674,lgbm_v1
replay_668,0aba6dfe-44aa-40ed-9ba6-acd90e160047,0.004901,APPROVE,Accounting inconsistency in sender balance; Sender account emptied to zero after transaction; Accounting inconsistency in receiver balance,2.619,lgbm_v1
replay_669,31a0a1e3-383a-4387-b924-6cca4c711ff3,0.004898,APPROVE,Accounting inconsistency in sender balance; Sender account emptied to zero after transaction; Accounting inconsistency in receiver balance,2.565,lgbm_v1
replay_670,714a43e8-c4fd-4304-8487-4bdcbc1cf34e,0.004905,APPROVE,Accounting inconsistency in sender balance; Sender account emptied to zero after transaction; Accounting inconsistency in receiver balance,2.583,lgbm_v1
replay_671,53a71b5c-dec1-4fd2-b2b9-ac0fb8cf81ac,0.004905,APPROVE,Accounting inconsistency in sender balance; Sender account emptied to zero after transaction; Accounting inconsistency in receiver balance,2.809,lgbm_v1
replay_672,5cd0dfef-dba4-4fbb-a1f5-7bdf1159efca,0.004744,APPROVE,Sender account emptied to zero after transaction; Accounting inconsistency in sender balance; Unusually large transaction amount,2.696,lgbm_v1
replay_673,1da36f3a-8a85-43ea-9b00-401123705ad0,0.004905,APPROVE,Accounting inconsistency in sender balance; Sender account emptied to zero after transaction; Accounting inconsistency in receiver balance,3.836,lgbm_v1
replay_674,da97ceb4-d54e-4103-bba7-9436b5b52ed4,0.004905,APPROVE,Accounting inconsistency in receiver balance; Accounting inconsistency in sender balance; Sender account emptied to zero after transaction,5.964,lgbm_v1
replay_675,3791edcf-f937-41d7-b137-aae7dcb326b6,0.004905,APPROVE,Accounting inconsistency in sender balance; Sender account emptied to zero after transaction; Accounting inconsistency in receiver balance,5.171,lgbm_v1
replay_676,c82e37ed-a6f7-44db-beac-5a872578bee0,0.004843,APPROVE,Sender account emptied to zero after transaction; Accounting inconsistency in sender balance; Accounting inconsistency in receiver balance,2.527,lgbm_v1
replay_677,0d484f37-5fcc-47b4-8279-12245411876e,0.004843,APPROVE,Sender account emptied to zero after transaction; Accounting inconsistency in sender balance; Account being drained — amount near full balance,2.673,lgbm_v1
replay_678,df39ad25-1173-4fd2-a54e-922870cab3d0,0.004902,APPROVE,Accounting inconsistency in sender balance; Sender account emptied to zero after transaction; Account being drained — amount near full balance,2.629,lgbm_v1
replay_679,74a5dec3-e32e-4c76-8435-10503d199ae4,0.004853,APPROVE,Transaction type is high-risk; Unusually large transaction amount; Accounting inconsistency in sender balance,2.681,lgbm_v1
replay_680,0de842ab-7244-4812-a99e-4c8d83eebac5,0.004843,APPROVE,Sender account emptied to zero after transaction; Accounting inconsistency in sender balance; Unusually large transaction amount,2.895,lgbm_v1
replay_681,4ec1b7d5-68df-4d9f-8afb-da7452eb59c8,0.004901,APPROVE,Accounting inconsistency in sender balance; Sender account emptied to zero after transaction; Accounting inconsistency in receiver balance,2.644,lgbm_v1
replay_682,2cbde879-6cb8-40dd-9504-9688c27f64c3,0.004843,APPROVE,Sender account emptied to zero after transaction; Accounting inconsistency in sender balance; Accounting inconsistency in receiver balance,2.574,lgbm_v1
replay_683,8754a0bc-ff8b-43e6-9bbe-7c248600bc05,0.004901,APPROVE,Accounting inconsistency in sender balance; Sender account emptied to zero after transaction; Accounting inconsistency in receiver balance,2.612,lgbm_v1
replay_684,cc2a046c-acd0-4508-9f75-e96f2d099a41,0.004906,APPROVE,Accounting inconsistency in sender balance; Sender account emptied to zero after transaction; Unusually large transaction amount,2.578,lgbm_v1
replay_685,9b529ddb-d98d-4a5b-a8d5-5fc6fcb04518,0.004902,APPROVE,Accounting inconsistency in sender balance; Sender account emptied to zero after transaction; Accounting inconsistency in receiver balance,2.586,lgbm_v1
replay_686,4aa2e24b-6011-47ce-ab9e-b3bce0515c51,0.004902,APPROVE,Accounting inconsistency in sender balance; Sender account emptied to zero after transaction; Accounting inconsistency in receiver balance,2.794,lgbm_v1
replay_687,78e419b2-ccde-4582-a63b-03d91543ddd0,0.004905,APPROVE,Accounting inconsistency in receiver balance; Accounting inconsistency in sender balance; Sender account emptied to zero after transaction,2.618,lgbm_v1
replay_688,83889d25-a1cc-4ce8-bf01-5898646ec662,0.004889,APPROVE,Accounting inconsistency in sender balance; Sender account emptied to zero after transaction; Accounting inconsistency in receiver balance,2.607,lgbm_v1
replay_689,df5024bf-e8ae-452d-85d0-6b9ea4223d21,0.004902,APPROVE,Accounting inconsistency in sender balance; Sender account emptied to zero after transaction; Accounting inconsistency in receiver balance,2.663,lgbm_v1
replay_690,3e94b70b-f977-4cf1-b70c-d0d8e483c18e,0.004953,APPROVE,Accounting inconsistency in sender balance; Sender account emptied to zero after transaction; Unusually large transaction amount,2.939,lgbm_v1
replay_691,b31c34e3-e272-4008-964d-305abcfe9ba4,0.004652,APPROVE,Accounting inconsistency in sender balance; Sender account emptied to zero after transaction; Accounting inconsistency in receiver balance,2.68,lgbm_v1
replay_692,9671426b-5f11-4e34-b25c-a507f9c528ae,0.004905,APPROVE,Accounting inconsistency in sender balance; Sender account emptied to zero after transaction; Accounting inconsistency in receiver balance,2.59,lgbm_v1
replay_693,b0b0f061-978e-467c-bebc-e1ebfb5e1be6,0.004905,APPROVE,Accounting inconsistency in sender balance; Sender account emptied to zero after transaction; Accounting inconsistency in receiver balance,2.563,lgbm_v1
replay_694,cbb34dc8-0c96-4c0f-a15d-717cc617b096,0.004898,APPROVE,Accounting inconsistency in sender balance; Sender account emptied to zero after transaction; Accounting inconsistency in receiver balance,2.644,lgbm_v1
replay_695,97cecaa7-f126-409e-8925-e3476488224c,0.004843,APPROVE,Sender account emptied to zero after transaction; Accounting inconsistency in sender balance; Accounting inconsistency in receiver balance,2.685,lgbm_v1
replay_696,dd0106ef-7a8e-44ed-b8c3-c2a861b640ba,0.004905,APPROVE,Accounting inconsistency in sender balance; Sender account emptied to zero after transaction; Accounting inconsistency in receiver balance,2.672,lgbm_v1
replay_697,3b1082da-76e2-498f-b84b-6e5158d846ec,0.004902,APPROVE,Accounting inconsistency in sender balance; Sender account emptied to zero after transaction; Account being drained — amount near full balance,2.534,lgbm_v1
replay_698,84e8ed5f-cb99-4773-b0d0-e3a442562e75,0.004722,APPROVE,Accounting inconsistency in sender balance; Sender account emptied to zero after transaction; Accounting inconsistency in receiver balance,2.517,lgbm_v1
replay_699,5f79ec74-845d-45be-b004-5251edbe4733,0.004853,APPROVE,Transaction type is high-risk; Sender account emptied to zero after transaction; Accounting inconsistency in receiver balance,4.339,lgbm_v1
replay_700,90122172-65c0-409b-8b16-2028b6a25d36,0.004889,APPROVE,Accounting inconsistency in sender balance; Sender account emptied to zero after transaction; Accounting inconsistency in receiver balance,3.215,lgbm_v1
replay_701,939abb4c-f0ca-4f68-b2f5-bf8c0e239bb7,0.004902,APPROVE,Accounting inconsistency in sender balance; Sender account emptied to zero after transaction; Unusually large transaction amount,2.922,lgbm_v1
replay_702,4d1dac0d-9710-4bc3-884f-ab41b63e3e06,0.004905,APPROVE,Sender account emptied to zero after transaction; Accounting inconsistency in sender balance; Accounting inconsistency in receiver balance,2.591,lgbm_v1
replay_703,6d72bbb5-3f73-48bc-bf1f-be19d2ab60d1,0.004853,APPROVE,Accounting inconsistency in receiver balance; Unusually large transaction amount; Transaction type is high-risk,2.663,lgbm_v1
replay_704,c91a7fdd-b235-493e-91e3-9ebd1e9ec782,0.004905,APPROVE,Accounting inconsistency in receiver balance; Sender account emptied to zero after transaction; Accounting inconsistency in sender balance,2.742,lgbm_v1
replay_705,d014f9c1-76d1-48b9-8223-b5c3ef1de808,0.004843,APPROVE,Sender account emptied to zero after transaction; Accounting inconsistency in sender balance; Accounting inconsistency in receiver balance,2.604,lgbm_v1
replay_706,d2e61f00-0854-405f-b55c-773b30c42aa6,0.004905,APPROVE,Accounting inconsistency in sender balance; Sender account emptied to zero after transaction; Accounting inconsistency in receiver balance,2.572,lgbm_v1
replay_707,8c212f6e-e248-4e04-80a4-5328cd31bddc,0.004843,APPROVE,Sender account emptied to zero after transaction; Accounting inconsistency in receiver balance; Accounting inconsistency in sender balance,2.732,lgbm_v1
replay_708,9fbc246f-56f6-4202-9e94-fa63dde52d6f,0.004843,APPROVE,Sender account emptied to zero after transaction; Accounting inconsistency in sender balance; Accounting inconsistency in receiver balance,2.817,lgbm_v1
replay_709,e7a6f316-8e7d-4c98-a5df-8c3b615fec1c,0.004896,APPROVE,Accounting inconsistency in sender balance; Sender account emptied to zero after transaction; Unusually large transaction amount,2.729,lgbm_v1
replay_710,15d47377-cf7f-4ed0-8ea0-1a301287d06c,0.004905,APPROVE,Accounting inconsistency in sender balance; Sender account emptied to zero after transaction; Accounting inconsistency in receiver balance,2.702,lgbm_v1
replay_711,a01dec49-5e5e-4098-8b95-7784478aa77f,0.004843,APPROVE,Sender account emptied to zero after transaction; Accounting inconsistency in sender balance; Accounting inconsistency in receiver balance,2.635,lgbm_v1
replay_712,58216d9f-2a04-401f-a483-730aa12d0568,0.004889,APPROVE,Accounting inconsistency in sender balance; Sender account emptied to zero after transaction; Accounting inconsistency in receiver balance,2.563,lgbm_v1
replay_713,f55e819e-8ab6-4654-96a8-93a8f889c21c,0.004901,APPROVE,Accounting inconsistency in sender balance; Sender account emptied to zero after transaction; Accounting inconsistency in receiver balance,2.515,lgbm_v1
replay_714,145952f1-8e52-493c-800d-c5a05fcb73b1,0.004853,APPROVE,Transaction type is high-risk; Accounting inconsistency in receiver balance; Sender account emptied to zero after transaction,2.662,lgbm_v1
replay_715,4e939be3-b6c9-4328-8ece-931d41398c64,0.004889,APPROVE,Accounting inconsistency in sender balance; Sender account emptied to zero after transaction; Accounting inconsistency in receiver balance,2.641,lgbm_v1
replay_716,6ecc3b80-0e27-4d7d-86e5-70d71a7dfe79,0.004843,APPROVE,Sender account emptied to zero after transaction; Accounting inconsistency in sender balance; Accounting inconsistency in receiver balance,2.678,lgbm_v1
replay_717,e0f1b723-770b-4063-9b3a-de0c5899b404,0.004652,APPROVE,Accounting inconsistency in sender balance; Sender account emptied to zero after transaction; Accounting inconsistency in receiver balance,2.632,lgbm_v1
replay_718,236e2414-a7e6-4253-ad47-c9f5753c0c4d,0.004905,APPROVE,Accounting inconsistency in sender balance; Sender account emptied to zero after transaction; Accounting inconsistency in receiver balance,2.828,lgbm_v1
replay_719,37b04e54-f520-4b5b-83f6-fdcf80a3e4bc,0.004953,APPROVE,Accounting inconsistency in sender balance; Sender account emptied to zero after transaction; Unusually large transaction amount,2.666,lgbm_v1
replay_720,3a3824a4-3ce0-48d7-849a-8b238aae7811,0.00493,APPROVE,Accounting inconsistency in sender balance; Sender account emptied to zero after transaction; Unusually large transaction amount,2.638,lgbm_v1
replay_721,847be884-0f2e-44bd-b4ea-c7718dcb1665,0.004901,APPROVE,Accounting inconsistency in sender balance; Sender account emptied to zero after transaction; Accounting inconsistency in receiver balance,2.584,lgbm_v1
replay_722,ff938ea4-3506-42a7-84ce-bc45ea2e80af,0.004853,APPROVE,Transaction type is high-risk; Accounting inconsistency in receiver balance; Unusually large transaction amount,2.629,lgbm_v1
replay_723,edc2a8b5-cb0f-41e3-b595-4eb4e409d599,0.004902,APPROVE,Accounting inconsistency in sender balance; Sender account emptied to zero after transaction; Accounting inconsistency in receiver balance,5.165,lgbm_v1
replay_724,c2c9861b-64de-42df-ba60-f7ff35c679ac,0.004902,APPROVE,Accounting inconsistency in sender balance; Sender account emptied to zero after transaction; Account being drained — amount near full balance,2.773,lgbm_v1
replay_725,af206c63-9973-4fb1-a2e0-cc93b3378598,0.004905,APPROVE,Accounting inconsistency in sender balance; Sender account emptied to zero after transaction; Accounting inconsistency in receiver balance,2.81,lgbm_v1
replay_726,ab9203fe-0be3-4c2c-8b03-351a415a5677,0.006312,APPROVE,Account being drained — amount near full balance; Unusually large transaction amount; Accounting inconsistency in sender balance,2.539,lgbm_v1
replay_727,4a1b6ee4-7423-45c3-9bb3-212693d61650,0.004889,APPROVE,Accounting inconsistency in sender balance; Sender account emptied to zero after transaction; Unusually large transaction amount,2.656,lgbm_v1
replay_728,5389de6d-2b89-4730-bb0f-844b8fab59a7,0.004896,APPROVE,Accounting inconsistency in sender balance; Sender account emptied to zero after transaction; Unusually large transaction amount,2.582,lgbm_v1
replay_729,1cdb0940-c2bb-4024-83f5-1de605ccb916,0.004899,APPROVE,Accounting inconsistency in sender balance; Sender account emptied to zero after transaction; Unusually large transaction amount,2.552,lgbm_v1
replay_730,69d30957-f0d3-4ff6-a52b-2fa25d5ca7f2,0.00493,APPROVE,Accounting inconsistency in sender balance; Sender account emptied to zero after transaction; Unusually large transaction amount,2.82,lgbm_v1
replay_731,fc6dee89-5ef5-4d33-b821-d2302bc85631,0.004843,APPROVE,Sender account emptied to zero after transaction; Accounting inconsistency in receiver balance; Accounting inconsistency in sender balance,2.585,lgbm_v1
replay_732,3797c4b0-5bd1-4481-83e4-4884d4641074,0.004843,APPROVE,Sender account emptied to zero after transaction; Accounting inconsistency in sender balance; Accounting inconsistency in receiver balance,4.821,lgbm_v1
replay_733,465b9798-6617-42c2-af2a-b45b331668e7,0.004652,APPROVE,Accounting inconsistency in sender balance; Sender account emptied to zero after transaction; Accounting inconsistency in receiver balance,2.612,lgbm_v1
replay_734,5463051a-7e66-4eed-9598-b4f87b41182a,0.004843,APPROVE,Sender account emptied to zero after transaction; Accounting inconsistency in sender balance; Accounting inconsistency in receiver balance,2.66,lgbm_v1
replay_735,3f9e1269-e6c1-4d4a-873c-348b43fe954f,0.004843,APPROVE,Sender account emptied to zero after transaction; Accounting inconsistency in sender balance; Accounting inconsistency in receiver balance,2.92,lgbm_v1
replay_736,978dec44-338f-4a93-b13e-1a8bf1443904,0.004905,APPROVE,Accounting inconsistency in sender balance; Sender account emptied to zero after transaction; Accounting inconsistency in receiver balance,2.755,lgbm_v1
replay_737,9bd25ec4-3db3-4d61-8922-9d7172c54811,0.004901,APPROVE,Sender account emptied to zero after transaction; Accounting inconsistency in receiver balance; Accounting inconsistency in sender balance,2.851,lgbm_v1
replay_738,d45adbf5-1b1a-42d5-860d-c0b25c63f261,0.004895,APPROVE,Sender account emptied to zero after transaction; Accounting inconsistency in receiver balance; Accounting inconsistency in sender balance,2.755,lgbm_v1
replay_739,5a4e8da4-0826-4f1b-97c4-c3aa018e578d,0.004902,APPROVE,Accounting inconsistency in sender balance; Sender account emptied to zero after transaction; Accounting inconsistency in receiver balance,2.609,lgbm_v1
replay_740,13d94941-5c31-4c4e-85f4-34424d348a4e,0.004843,APPROVE,Sender account emptied to zero after transaction; Accounting inconsistency in sender balance; Accounting inconsistency in receiver balance,2.976,lgbm_v1
replay_741,5839b88b-5ff8-4b67-aceb-331eff2d7cf2,0.004929,APPROVE,Accounting inconsistency in sender balance; Sender account emptied to zero after transaction; Unusually large transaction amount,2.704,lgbm_v1
replay_742,80bcf630-9e25-4a3d-b6c1-4004a7a76896,0.004896,APPROVE,Accounting inconsistency in sender balance; Sender account emptied to zero after transaction; Unusually large transaction amount,2.751,lgbm_v1
replay_743,1b966a12-922b-4e2a-895f-bf20d47074ef,0.004843,APPROVE,Sender account emptied to zero after transaction; Accounting inconsistency in sender balance; Accounting inconsistency in receiver balance,2.784,lgbm_v1
replay_744,0f04bf35-45a4-46c3-b31b-bbc63498e3b2,0.004744,APPROVE,Sender account emptied to zero after transaction; Accounting inconsistency in sender balance; Unusually large transaction amount,3.076,lgbm_v1
replay_745,938a1305-a2e1-4f84-8d6f-5b1835109fd3,0.004901,APPROVE,Accounting inconsistency in sender balance; Sender account emptied to zero after transaction; Accounting inconsistency in receiver balance,2.981,lgbm_v1
replay_746,8edb7fcd-6276-4668-ada8-b04219711331,0.004898,APPROVE,Accounting inconsistency in sender balance; Sender account emptied to zero after transaction; Accounting inconsistency in receiver balance,9.725,lgbm_v1
replay_747,45b9ca27-8c32-4343-b620-9e34b6fdaabb,0.004908,APPROVE,Accounting inconsistency in sender balance; Sender account emptied to zero after transaction; Accounting inconsistency in receiver balance,3.223,lgbm_v1
replay_748,48ff1046-0625-46cc-89e6-9803ba4779db,0.004853,APPROVE,Transaction type is high-risk; Accounting inconsistency in receiver balance; Unusually large transaction amount,3.319,lgbm_v1
replay_749,bf4f813d-70ba-4479-b9b9-1a9b2d061a16,0.004758,APPROVE,Sender account emptied to zero after transaction; Accounting inconsistency in sender balance; Unusually large transaction amount,3.557,lgbm_v1
replay_750,12650c89-5a49-4245-889d-c4226284464d,0.004853,APPROVE,Transaction type is high-risk; Unusually large transaction amount; Accounting inconsistency in sender balance,2.811,lgbm_v1
replay_751,ca21453d-8478-4a0a-b831-90b2ed233a4a,0.005505,APPROVE,Accounting inconsistency in sender balance; Sender account emptied to zero after transaction; Unusually large transaction amount,3.345,lgbm_v1
replay_752,115caea4-d925-4368-b6e7-1232bfb58625,0.004885,APPROVE,Accounting inconsistency in sender balance; Sender account emptied to zero after transaction; Unusually large transaction amount,3.245,lgbm_v1
replay_753,b58e7c4b-d96c-4d8f-877e-322a84c5e8d9,0.004901,APPROVE,Accounting inconsistency in sender balance; Sender account emptied to zero after transaction; Accounting inconsistency in receiver balance,3.384,lgbm_v1
replay_754,cb7e3fc2-ae20-4726-8ce7-d17d70007290,0.004905,APPROVE,Sender account emptied to zero after transaction; Accounting inconsistency in sender balance; Accounting inconsistency in receiver balance,2.739,lgbm_v1
replay_755,6144ba7e-fa57-4188-b2a9-87d0caf5947d,0.004843,APPROVE,Sender account emptied to zero after transaction; Accounting inconsistency in sender balance; Accounting inconsistency in receiver balance,2.612,lgbm_v1
replay_756,e55e2288-5ecc-4ee2-8d3c-ad0a9cb93661,0.004905,APPROVE,Accounting inconsistency in sender balance; Sender account emptied to zero after transaction; Accounting inconsistency in receiver balance,2.744,lgbm_v1
replay_757,a9c5ed6d-95ad-4169-9b68-cc134c6e426e,0.004905,APPROVE,Accounting inconsistency in sender balance; Sender account emptied to zero after transaction; Account being drained — amount near full balance,2.555,lgbm_v1
replay_758,4fa563bb-ac55-4b00-a4eb-2b2c9cd90aee,0.004901,APPROVE,Accounting inconsistency in sender balance; Sender account emptied to zero after transaction; Accounting inconsistency in receiver balance,3.393,lgbm_v1
replay_759,c667e92a-3525-4c74-bcdc-2668c109a03b,0.004846,APPROVE,Accounting inconsistency in sender balance; Sender account emptied to zero after transaction; Account being drained — amount near full balance,6.419,lgbm_v1
replay_760,18ebf8c8-fd3b-46d1-9152-32b01f509c6d,0.004895,APPROVE,Sender account emptied to zero after transaction; Accounting inconsistency in receiver balance; Accounting inconsistency in sender balance,5.908,lgbm_v1
replay_761,e53aa3bb-a8fe-4a43-86c8-375e37eb92d3,0.004905,APPROVE,Accounting inconsistency in receiver balance; Sender account emptied to zero after transaction; Accounting inconsistency in sender balance,5.475,lgbm_v1
replay_762,28f7e733-b144-41e1-b436-81b749510597,0.004902,APPROVE,Accounting inconsistency in sender balance; Sender account emptied to zero after transaction; Account being drained — amount near full balance,2.697,lgbm_v1
replay_763,85c9390b-40d6-4b9a-9c35-26a601174d6e,0.004902,APPROVE,Accounting inconsistency in sender balance; Sender account emptied to zero after transaction; Accounting inconsistency in receiver balance,2.645,lgbm_v1
replay_764,09fb1439-96d8-4d6a-ac35-12bb65a6435b,0.004843,APPROVE,Sender account emptied to zero after transaction; Accounting inconsistency in sender balance; Accounting inconsistency in receiver balance,3.246,lgbm_v1
replay_765,d16e2027-1a85-4a35-a9c6-9d26b4d88e51,0.004905,APPROVE,Accounting inconsistency in sender balance; Sender account emptied to zero after transaction; Accounting inconsistency in receiver balance,2.709,lgbm_v1
replay_766,d6a700b0-8ddf-46a9-8350-8d832c175503,0.004843,APPROVE,Sender account emptied to zero after transaction; Accounting inconsistency in sender balance; Accounting inconsistency in receiver balance,2.628,lgbm_v1
replay_767,1eed8cb3-647c-4ec6-8712-97203e5f8c03,0.004843,APPROVE,Sender account emptied to zero after transaction; Accounting inconsistency in sender balance; Accounting inconsistency in receiver balance,2.6,lgbm_v1
replay_768,09bd700d-b9bb-437b-8c86-d852bfd454b5,0.004899,APPROVE,Accounting inconsistency in sender balance; Sender account emptied to zero after transaction; Unusually large transaction amount,3.129,lgbm_v1
replay_769,2792feb4-05bc-4663-86e6-ce1a7bfddcb8,0.004889,APPROVE,Accounting inconsistency in sender balance; Sender account emptied to zero after transaction; Account being drained — amount near full balance,3.106,lgbm_v1
replay_770,18dade16-bf29-4b40-97bd-04e952010570,0.004929,APPROVE,Accounting inconsistency in sender balance; Sender account emptied to zero after transaction; Unusually large transaction amount,2.783,lgbm_v1
replay_771,383e6930-cefe-4440-a219-8397b018867c,0.004889,APPROVE,Accounting inconsistency in sender balance; Sender account emptied to zero after transaction; Accounting inconsistency in receiver balance,3.068,lgbm_v1
replay_772,34482668-9cfd-4f54-aebe-155edc2d6c96,0.004843,APPROVE,Sender account emptied to zero after transaction; Accounting inconsistency in sender balance; Accounting inconsistency in receiver balance,3.041,lgbm_v1
replay_773,7d03c1ec-9346-4e49-a86d-8f65803f247f,0.004889,APPROVE,Accounting inconsistency in sender balance; Sender account emptied to zero after transaction; Unusually large transaction amount,2.951,lgbm_v1
replay_774,a5ab954f-78db-4231-be7c-1aa2fb1b582a,0.004898,APPROVE,Accounting inconsistency in sender balance; Sender account emptied to zero after transaction; Accounting inconsistency in receiver balance,2.594,lgbm_v1
replay_775,1453c33e-52ef-48e3-920a-012035f377c3,0.004898,APPROVE,Accounting inconsistency in sender balance; Sender account emptied to zero after transaction; Accounting inconsistency in receiver balance,5.032,lgbm_v1
replay_776,58411d6e-cfd7-4744-b931-4aaddca9ff8c,0.004853,APPROVE,Transaction type is high-risk; Accounting inconsistency in receiver balance; Unusually large transaction amount,2.625,lgbm_v1
replay_777,604fe42d-8689-4f27-bc1f-de70bfd3e00e,0.004853,APPROVE,Transaction type is high-risk; Accounting inconsistency in receiver balance; Sender account emptied to zero after transaction,3.332,lgbm_v1
replay_778,df3d0096-6056-4d5f-a26c-8d3ed37317f2,0.004843,APPROVE,Sender account emptied to zero after transaction; Accounting inconsistency in sender balance; Accounting inconsistency in receiver balance,2.599,lgbm_v1
replay_779,3f18d340-772b-4e85-9a2c-044b339b5fc9,0.004889,APPROVE,Accounting inconsistency in sender balance; Sender account emptied to zero after transaction; Accounting inconsistency in receiver balance,2.616,lgbm_v1
replay_780,ee915de8-db6f-410e-b5ff-22a3ebf1f4e6,0.004909,APPROVE,Unusually large transaction amount; Accounting inconsistency in sender balance; Sender account emptied to zero after transaction,2.709,lgbm_v1
replay_781,9e7a7dab-11c6-4191-b267-95d1893ec594,0.004843,APPROVE,Sender account emptied to zero after transaction; Accounting inconsistency in sender balance; Accounting inconsistency in receiver balance,3.045,lgbm_v1
replay_782,64b0adb1-283c-4aed-a513-c87024341991,0.004853,APPROVE,Transaction type is high-risk; Accounting inconsistency in receiver balance; Sender account emptied to zero after transaction,3.197,lgbm_v1
replay_783,19ad02ed-ad82-4761-8279-3081c16ab4dd,0.004843,APPROVE,Sender account emptied to zero after transaction; Accounting inconsistency in sender balance; Accounting inconsistency in receiver balance,2.696,lgbm_v1
replay_784,c86180b9-d70b-400c-ac55-a9431d41366a,0.00493,APPROVE,Accounting inconsistency in sender balance; Sender account emptied to zero after transaction; Unusually large transaction amount,2.688,lgbm_v1
replay_785,87ebb6f9-18b1-4cc7-a9b2-c2fdc364a344,0.004843,APPROVE,Sender account emptied to zero after transaction; Transaction type is high-risk; Unusually large transaction amount,2.714,lgbm_v1
replay_786,aa47d682-d5f5-4e01-81a9-068519351f6f,0.004953,APPROVE,Accounting inconsistency in sender balance; Sender account emptied to zero after transaction; Unusually large transaction amount,2.731,lgbm_v1
replay_787,3f2d8bb6-d1d0-46fa-8974-6c87ca20352f,0.004843,APPROVE,Sender account emptied to zero after transaction; Accounting inconsistency in sender balance; Accounting inconsistency in receiver balance,2.562,lgbm_v1
replay_788,2cd80aa3-b245-4f24-8fbc-26f6ff0426ed,0.004744,APPROVE,Sender account emptied to zero after transaction; Accounting inconsistency in sender balance; Unusually large transaction amount,2.668,lgbm_v1
replay_789,b56f50f6-5f66-4dec-ae0d-34f45b6854d7,0.004843,APPROVE,Sender account emptied to zero after transaction; Accounting inconsistency in sender balance; Accounting inconsistency in receiver balance,2.753,lgbm_v1
replay_790,19568d21-569b-47c3-8dbb-0bdf17a7bb8b,0.004853,APPROVE,Transaction type is high-risk; Accounting inconsistency in receiver balance; Unusually large transaction amount,5.353,lgbm_v1
replay_791,c0c12515-70d2-49bc-bc10-7316d49fe024,0.004901,APPROVE,Accounting inconsistency in sender balance; Sender account emptied to zero after transaction; Accounting inconsistency in receiver balance,3.48,lgbm_v1
replay_792,50ba4e0e-f67b-4900-8388-b3e321ec604a,0.004905,APPROVE,Accounting inconsistency in receiver balance; Sender account emptied to zero after transaction; Accounting inconsistency in sender balance,3.788,lgbm_v1
replay_793,c5081509-114d-4673-be5a-4cbb5e12161d,0.004843,APPROVE,Sender account emptied to zero after transaction; Accounting inconsistency in sender balance; Accounting inconsistency in receiver balance,2.926,lgbm_v1
replay_794,ea66a87d-ee15-4164-95a7-c2a7d5258bad,0.004896,APPROVE,Accounting inconsistency in sender balance; Sender account emptied to zero after transaction; Unusually large transaction amount,3.206,lgbm_v1
replay_795,7aa2bc65-d761-4951-96be-5b8b658e66a6,0.004902,APPROVE,Accounting inconsistency in sender balance; Sender account emptied to zero after transaction; Unusually large transaction amount,2.814,lgbm_v1
replay_796,290137ee-cbc7-4cac-84b3-9475d4b7f54c,0.004843,APPROVE,Sender account emptied to zero after transaction; Accounting inconsistency in sender balance; Accounting inconsistency in receiver balance,3.144,lgbm_v1
replay_797,2e4d2367-6d92-4ee5-ac42-6eb4bb424c78,0.004843,APPROVE,Sender account emptied to zero after transaction; Accounting inconsistency in sender balance; Accounting inconsistency in receiver balance,2.615,lgbm_v1
replay_798,46cca781-54c0-415d-acc9-37f26fb8e864,0.004905,APPROVE,Accounting inconsistency in sender balance; Sender account emptied to zero after transaction; Accounting inconsistency in receiver balance,2.75,lgbm_v1
replay_799,e566d3de-9fb5-4e5c-b814-184659febeeb,0.004901,APPROVE,Accounting inconsistency in sender balance; Sender account emptied to zero after transaction; Accounting inconsistency in receiver balance,2.66,lgbm_v1
replay_800,626e0761-dc36-4566-bb24-10d9370516bb,0.004905,APPROVE,Accounting inconsistency in receiver balance; Sender account emptied to zero after transaction; Accounting inconsistency in sender balance,2.984,lgbm_v1
replay_801,70357713-64c0-4984-aa69-18bce10c35ac,0.004929,APPROVE,Accounting inconsistency in sender balance; Sender account emptied to zero after transaction; Unusually large transaction amount,2.702,lgbm_v1
replay_802,aa2d62d6-a725-4acb-a840-1fa63eedf6ba,0.004902,APPROVE,Accounting inconsistency in sender balance; Sender account emptied to zero after transaction; Accounting inconsistency in receiver balance,2.657,lgbm_v1
replay_803,a710cad9-6821-4ec6-94e0-0143de16c8b0,0.004843,APPROVE,Sender account emptied to zero after transaction; Accounting inconsistency in sender balance; Accounting inconsistency in receiver balance,2.577,lgbm_v1
replay_804,d814c51e-b404-4cd9-8434-5d19d40b9c04,0.004906,APPROVE,Accounting inconsistency in sender balance; Sender account emptied to zero after transaction; Unusually large transaction amount,2.881,lgbm_v1
replay_805,4eb790b2-37b4-43e5-a18f-c8f3708df071,0.004889,APPROVE,Accounting inconsistency in sender balance; Sender account emptied to zero after transaction; Unusually large transaction amount,2.705,lgbm_v1
replay_806,eee0d449-e380-4420-b15d-a03f824144a6,0.00481,APPROVE,Accounting inconsistency in sender balance; Unusually large transaction amount; Sender account emptied to zero after transaction,2.956,lgbm_v1
replay_807,4cf11e3f-c9cb-4247-a736-bd917a05e1b9,0.004902,APPROVE,Accounting inconsistency in sender balance; Sender account emptied to zero after transaction; Account being drained — amount near full balance,2.598,lgbm_v1
replay_808,2d589faf-9d5e-42dc-97a6-76c58dfe7b7d,0.004843,APPROVE,Sender account emptied to zero after transaction; Accounting inconsistency in sender balance; Unusually large transaction amount,2.85,lgbm_v1
replay_809,1db9bbd2-9fc1-40f7-b6bf-341732355331,0.004902,APPROVE,Accounting inconsistency in sender balance; Sender account emptied to zero after transaction; Unusually large transaction amount,2.707,lgbm_v1
replay_810,9c639230-ac79-4ff4-b16d-e63efb9cb71e,0.004843,APPROVE,Sender account emptied to zero after transaction; Accounting inconsistency in sender balance; Accounting inconsistency in receiver balance,2.646,lgbm_v1
replay_811,2a17efbe-003c-411b-9c99-a1fc9cadfe59,0.004902,APPROVE,Accounting inconsistency in sender balance; Sender account emptied to zero after transaction; Account being drained — amount near full balance,2.616,lgbm_v1
replay_812,805b4277-d62c-4740-a696-7daab403b4b1,0.004901,APPROVE,Accounting inconsistency in sender balance; Sender account emptied to zero after transaction; Accounting inconsistency in receiver balance,3.839,lgbm_v1
replay_813,5d2de273-6b94-4044-8ae5-dc7ae7f5ba4d,0.004853,APPROVE,Transaction type is high-risk; Accounting inconsistency in receiver balance; Sender account emptied to zero after transaction,3.811,lgbm_v1
replay_814,bcc96dae-a860-48cd-bc2a-4b77cfd94230,0.004895,APPROVE,Sender account emptied to zero after transaction; Accounting inconsistency in receiver balance; Accounting inconsistency in sender balance,2.724,lgbm_v1
replay_815,67aa699a-4323-4a95-be6f-cad6e27ef847,0.003797,APPROVE,Accounting inconsistency in sender balance; Sender account emptied to zero after transaction; Accounting inconsistency in receiver balance,2.925,lgbm_v1
replay_816,bb61a1cf-53ac-44ba-8387-f20aef94b98a,0.004889,APPROVE,Accounting inconsistency in sender balance; Sender account emptied to zero after transaction; Unusually large transaction amount,2.71,lgbm_v1
replay_817,08660460-746c-4153-999f-d9dc24abbe95,0.004905,APPROVE,Accounting inconsistency in sender balance; Sender account emptied to zero after transaction; Accounting inconsistency in receiver balance,2.559,lgbm_v1
replay_818,85bbe464-4245-4705-85f8-07132378f96c,0.004853,APPROVE,Transaction type is high-risk; Accounting inconsistency in receiver balance; Unusually large transaction amount,2.737,lgbm_v1
replay_819,36d3590d-fc27-4e1d-9ebc-84e2f774db4f,0.004901,APPROVE,Accounting inconsistency in sender balance; Sender account emptied to zero after transaction; Accounting inconsistency in receiver balance,2.618,lgbm_v1
replay_820,35cb9fda-0bf5-4ae0-82bb-7db3db251575,0.004853,APPROVE,Transaction type is high-risk; Unusually large transaction amount; Accounting inconsistency in sender balance,3.053,lgbm_v1
replay_821,a63e4ac9-a049-4525-851c-56187b4069e2,0.004902,APPROVE,Accounting inconsistency in sender balance; Sender account emptied to zero after transaction; Account being drained — amount near full balance,2.697,lgbm_v1
replay_822,2b17db6a-77bf-43af-95fa-a0a18ee3a8da,0.004889,APPROVE,Accounting inconsistency in sender balance; Sender account emptied to zero after transaction; Transaction type is high-risk,2.733,lgbm_v1
replay_823,0ef182eb-0475-4215-bd44-a859ae3dd382,0.011693,APPROVE,Accounting inconsistency in sender balance; Sender account emptied to zero after transaction; Unusually large transaction amount,2.56,lgbm_v1
replay_824,93e00ded-04d2-427d-9a42-78bd6e4bb19a,0.0048,APPROVE,Accounting inconsistency in sender balance; Sender account emptied to zero after transaction; Unusually large transaction amount,2.57,lgbm_v1
replay_825,7cbe70bd-1f6d-4d10-ab39-887bf889c044,0.004843,APPROVE,Accounting inconsistency in receiver balance; Unusually large transaction amount; Sender account emptied to zero after transaction,2.683,lgbm_v1
replay_826,7df0044e-6db2-4ece-b9b1-c8929670d432,0.004905,APPROVE,Accounting inconsistency in receiver balance; Accounting inconsistency in sender balance; Sender account emptied to zero after transaction,2.673,lgbm_v1
replay_827,92111c58-3c7c-4fad-9622-774f0278ef54,0.0048,APPROVE,Accounting inconsistency in sender balance; Sender account emptied to zero after transaction; Accounting inconsistency in receiver balance,2.842,lgbm_v1
replay_828,26e90ed9-3961-49c0-bea3-adc6a1b8cbf5,0.004953,APPROVE,Accounting inconsistency in sender balance; Sender account emptied to zero after transaction; Unusually large transaction amount,2.609,lgbm_v1
replay_829,df38eea6-8fce-4080-abaf-82a3f992fc6b,0.004953,APPROVE,Accounting inconsistency in sender balance; Sender account emptied to zero after transaction; Unusually large transaction amount,2.62,lgbm_v1
replay_830,2ef32328-2f2e-469c-bee2-7605ae1fa326,0.004905,APPROVE,Accounting inconsistency in sender balance; Sender account emptied to zero after transaction; Accounting inconsistency in receiver balance,3.063,lgbm_v1
replay_831,b8051808-28f7-4f8a-9420-8d6d3544217a,0.004843,APPROVE,Sender account emptied to zero after transaction; Accounting inconsistency in receiver balance; Accounting inconsistency in sender balance,2.551,lgbm_v1
replay_832,b6b65030-2880-487f-9b47-285f6fe48f6f,0.011546,APPROVE,Sender account emptied to zero after transaction; Accounting inconsistency in sender balance; Unusually large transaction amount,2.946,lgbm_v1
replay_833,749c1b45-c407-469c-8cdd-3d1242458b96,0.004722,APPROVE,Accounting inconsistency in sender balance; Sender account emptied to zero after transaction; Account being drained — amount near full balance,3.139,lgbm_v1
replay_834,19762b84-f856-4c38-975a-848bcf212363,0.004902,APPROVE,Accounting inconsistency in sender balance; Sender account emptied to zero after transaction; Account being drained — amount near full balance,2.602,lgbm_v1
replay_835,38d52c02-b92d-4843-b430-59a7164042fe,0.004843,APPROVE,Sender account emptied to zero after transaction; Accounting inconsistency in sender balance; Accounting inconsistency in receiver balance,2.687,lgbm_v1
replay_836,84952a26-0177-4b88-b425-24a13b5c5cf6,0.004898,APPROVE,Accounting inconsistency in sender balance; Sender account emptied to zero after transaction; Unusually large transaction amount,2.657,lgbm_v1
replay_837,8df578d8-c61c-47e0-8b1c-4931f55a69eb,0.004905,APPROVE,Accounting inconsistency in sender balance; Sender account emptied to zero after transaction; Accounting inconsistency in receiver balance,2.562,lgbm_v1
replay_838,ce6012d2-52cc-4141-b209-7049bc27b69d,0.004843,APPROVE,Sender account emptied to zero after transaction; Accounting inconsistency in sender balance; Accounting inconsistency in receiver balance,5.126,lgbm_v1
replay_839,a00a53e6-c614-408d-b387-922b789f6e69,0.004901,APPROVE,Accounting inconsistency in sender balance; Sender account emptied to zero after transaction; Accounting inconsistency in receiver balance,2.813,lgbm_v1
replay_840,f72b8bc8-6ad2-4385-b35a-883602b46b4b,0.004895,APPROVE,Sender account emptied to zero after transaction; Accounting inconsistency in receiver balance; Accounting inconsistency in sender balance,2.649,lgbm_v1
replay_841,fc5a3d6b-6164-47d1-9f73-dc8bcc1cf666,0.004905,APPROVE,Accounting inconsistency in sender balance; Sender account emptied to zero after transaction; Accounting inconsistency in receiver balance,2.854,lgbm_v1
replay_842,fd9233bb-e9b3-4888-a528-ef2c2760a9b5,0.004898,APPROVE,Accounting inconsistency in sender balance; Sender account emptied to zero after transaction; Accounting inconsistency in receiver balance,2.795,lgbm_v1
replay_843,904a9c6c-a429-4986-8cd3-5b61892eddb9,0.004843,APPROVE,Sender account emptied to zero after transaction; Accounting inconsistency in sender balance; Accounting inconsistency in receiver balance,2.782,lgbm_v1
replay_844,3c215008-6266-4cd8-a117-75c7ed6e3fc3,0.004929,APPROVE,Accounting inconsistency in sender balance; Sender account emptied to zero after transaction; Unusually large transaction amount,2.682,lgbm_v1
replay_845,773ba1b1-561e-4882-839c-6c9a385695c2,0.004905,APPROVE,Accounting inconsistency in receiver balance; Sender account emptied to zero after transaction; Accounting inconsistency in sender balance,2.857,lgbm_v1
replay_846,6e5b3468-9689-4e3b-b1ca-1e4d5e9df1af,0.004898,APPROVE,Accounting inconsistency in sender balance; Sender account emptied to zero after transaction; Accounting inconsistency in receiver balance,2.694,lgbm_v1
replay_847,f2026ea4-b3e2-442d-ac1f-c6de9f2f6e6e,0.010629,APPROVE,Sender account emptied to zero after transaction; Accounting inconsistency in sender balance; Accounting inconsistency in receiver balance,2.768,lgbm_v1
replay_848,ee46f0b9-7e55-4238-821f-4a878fb682c8,0.004853,APPROVE,Transaction type is high-risk; Accounting inconsistency in receiver balance; Unusually large transaction amount,2.704,lgbm_v1
replay_849,9cd18357-de07-4405-ad3d-7705f84dbf65,0.004901,APPROVE,Sender account emptied to zero after transaction; Accounting inconsistency in receiver balance; Accounting inconsistency in sender balance,3.115,lgbm_v1
replay_850,fea59102-26f0-4dbd-ad90-6cedc3d6a039,0.004889,APPROVE,Accounting inconsistency in sender balance; Sender account emptied to zero after transaction; Accounting inconsistency in receiver balance,2.776,lgbm_v1
replay_851,d475292f-02eb-4f6a-83ee-275caf29c620,0.00493,APPROVE,Accounting inconsistency in sender balance; Sender account emptied to zero after transaction; Unusually large transaction amount,2.644,lgbm_v1
replay_852,1c835953-fea9-4404-a78c-ed0f3b043da8,0.004843,APPROVE,Sender account emptied to zero after transaction; Accounting inconsistency in sender balance; Accounting inconsistency in receiver balance,3.159,lgbm_v1
replay_853,b77473fd-e3aa-4af0-b698-fc3121b26010,0.00493,APPROVE,Accounting inconsistency in sender balance; Sender account emptied to zero after transaction; Unusually large transaction amount,2.799,lgbm_v1
replay_854,23749082-1353-499d-b462-4776cc9735dc,0.004901,APPROVE,Accounting inconsistency in sender balance; Sender account emptied to zero after transaction; Accounting inconsistency in receiver balance,2.844,lgbm_v1
replay_855,295163d3-d5ea-4b99-b98c-6da3a1392201,0.004953,APPROVE,Accounting inconsistency in sender balance; Sender account emptied to zero after transaction; Unusually large transaction amount,3.368,lgbm_v1
replay_856,99a98948-3e5c-4f22-a823-e454ef4cfeaa,0.004953,APPROVE,Accounting inconsistency in sender balance; Sender account emptied to zero after transaction; Unusually large transaction amount,2.783,lgbm_v1
replay_857,7c73c99e-3a49-4fe1-9632-510256697367,0.004843,APPROVE,Sender account emptied to zero after transaction; Accounting inconsistency in sender balance; Accounting inconsistency in receiver balance,2.729,lgbm_v1
replay_858,77aafbb5-f589-49bd-8ad8-a29b225bd53c,0.004902,APPROVE,Accounting inconsistency in sender balance; Sender account emptied to zero after transaction; Unusually large transaction amount,2.651,lgbm_v1
replay_859,9df5a7a9-8784-4dc5-8309-09ce3450ac26,0.004906,APPROVE,Accounting inconsistency in sender balance; Sender account emptied to zero after transaction; Unusually large transaction amount,2.666,lgbm_v1
replay_860,54c00bfc-6281-419e-a664-50fcca941a1a,0.004901,APPROVE,Accounting inconsistency in sender balance; Sender account emptied to zero after transaction; Accounting inconsistency in receiver balance,2.651,lgbm_v1
replay_861,e137d274-aac3-4744-8b3d-9f90151faa12,0.004901,APPROVE,Accounting inconsistency in sender balance; Sender account emptied to zero after transaction; Accounting inconsistency in receiver balance,2.758,lgbm_v1
replay_862,4f35935b-90be-4551-8c15-7c2cf020bb83,0.004905,APPROVE,Accounting inconsistency in sender balance; Sender account emptied to zero after transaction; Accounting inconsistency in receiver balance,2.628,lgbm_v1
replay_863,e63eb56a-7b34-4487-b439-502148c7285b,0.004843,APPROVE,Sender account emptied to zero after transaction; Accounting inconsistency in sender balance; Accounting inconsistency in receiver balance,2.529,lgbm_v1
replay_864,3b3ab666-09c9-4a13-8850-bfa95081bc28,0.004905,APPROVE,Accounting inconsistency in sender balance; Sender account emptied to zero after transaction; Accounting inconsistency in receiver balance,2.672,lgbm_v1
replay_865,b9906171-33c2-4b0a-b351-d91305c0d33c,0.00481,APPROVE,Accounting inconsistency in sender balance; Sender account emptied to zero after transaction; Unusually large transaction amount,2.939,lgbm_v1
replay_866,fbe881af-05ca-432a-809d-16bfa3312e39,0.004902,APPROVE,Accounting inconsistency in sender balance; Sender account emptied to zero after transaction; Unusually large transaction amount,2.554,lgbm_v1
replay_867,a19d4826-8072-42cd-8c60-0b7048f6621c,0.004905,APPROVE,Accounting inconsistency in sender balance; Sender account emptied to zero after transaction; Accounting inconsistency in receiver balance,5.193,lgbm_v1
replay_868,54b10faa-3525-4389-8f6e-d6aa36562346,0.004853,APPROVE,Transaction type is high-risk; Unusually large transaction amount; Sender account emptied to zero after transaction,2.707,lgbm_v1
replay_869,046bc5ed-95fc-4a06-810e-589dcb02df29,0.004843,APPROVE,Sender account emptied to zero after transaction; Accounting inconsistency in sender balance; Accounting inconsistency in receiver balance,2.74,lgbm_v1
replay_870,50494cfc-bc23-4cb6-bd46-2781e0313d7d,0.004853,APPROVE,Transaction type is high-risk; Accounting inconsistency in receiver balance; Sender account emptied to zero after transaction,2.637,lgbm_v1
replay_871,451156d4-93d5-4225-b550-7ee00a83bd2f,0.00493,APPROVE,Accounting inconsistency in sender balance; Sender account emptied to zero after transaction; Unusually large transaction amount,2.631,lgbm_v1
replay_872,05130ce4-6236-4591-99e1-79a59b9deb34,0.004929,APPROVE,Accounting inconsistency in sender balance; Sender account emptied to zero after transaction; Unusually large transaction amount,3.956,lgbm_v1
replay_873,e470eac1-e7c6-414b-a521-46850e285a7c,0.004902,APPROVE,Sender account emptied to zero after transaction; Account being drained — amount near full balance; Accounting inconsistency in sender balance,2.747,lgbm_v1
replay_874,64e47d47-f8fa-4dfb-bf43-7f86461a4ea4,0.004843,APPROVE,Sender account emptied to zero after transaction; Accounting inconsistency in sender balance; Accounting inconsistency in receiver balance,2.603,lgbm_v1
replay_875,8d3e1102-b7cd-45f9-8c16-f4dd91a06b42,0.004701,APPROVE,Accounting inconsistency in sender balance; Sender account emptied to zero after transaction; Accounting inconsistency in receiver balance,2.591,lgbm_v1
replay_876,19d743d0-7c73-408b-976c-74bab86f2237,0.00493,APPROVE,Accounting inconsistency in sender balance; Sender account emptied to zero after transaction; Unusually large transaction amount,2.599,lgbm_v1
replay_877,5092af78-d519-4995-97d3-c7748f41726b,0.004843,APPROVE,Sender account emptied to zero after transaction; Accounting inconsistency in receiver balance; Accounting inconsistency in sender balance,2.614,lgbm_v1
replay_878,e7a4671d-5b4b-43e3-844e-fa94cd0e95cd,0.004853,APPROVE,Transaction type is high-risk; Unusually large transaction amount; Accounting inconsistency in receiver balance,2.911,lgbm_v1
replay_879,c02e5c33-878e-4f14-ac52-a34e3ef241bf,0.004889,APPROVE,Accounting inconsistency in sender balance; Sender account emptied to zero after transaction; Unusually large transaction amount,2.823,lgbm_v1
replay_880,6896cbf6-d0ff-4cce-a695-faa7a19eebb4,0.004889,APPROVE,Accounting inconsistency in sender balance; Sender account emptied to zero after transaction; Accounting inconsistency in receiver balance,2.808,lgbm_v1
replay_881,b5674082-f993-4c8a-85cb-c6dca0a4ba77,0.004902,APPROVE,Accounting inconsistency in sender balance; Sender account emptied to zero after transaction; Account being drained — amount near full balance,4.21,lgbm_v1
replay_882,1a225545-287c-4d8e-8b6c-efa5f5c01722,0.004843,APPROVE,Sender account emptied to zero after transaction; Accounting inconsistency in sender balance; Accounting inconsistency in receiver balance,3.323,lgbm_v1
replay_883,776bf67d-0cc8-410d-b635-50c71308f09f,0.004905,APPROVE,Accounting inconsistency in receiver balance; Accounting inconsistency in sender balance; Account being drained — amount near full balance,3.495,lgbm_v1
replay_884,cc46f37c-7369-4942-af2f-87a66cca636c,0.004902,APPROVE,Accounting inconsistency in sender balance; Sender account emptied to zero after transaction; Unusually large transaction amount,2.836,lgbm_v1
replay_885,09f799bd-0ae5-4a1d-8eec-7461096f8503,0.004904,APPROVE,Accounting inconsistency in sender balance; Sender account emptied to zero after transaction; Unusually large transaction amount,2.842,lgbm_v1
replay_886,325bc091-b9b2-4564-83a1-b3f57428043d,0.004901,APPROVE,Accounting inconsistency in sender balance; Sender account emptied to zero after transaction; Accounting inconsistency in receiver balance,2.945,lgbm_v1
replay_887,cb5a4951-6850-4ae7-b539-c933155b133d,0.004853,APPROVE,Accounting inconsistency in sender balance; Sender account emptied to zero after transaction; Transaction type is high-risk,2.875,lgbm_v1
replay_888,9e01c8a6-a05e-4bd7-89b2-07d55ee57d9c,0.004901,APPROVE,Accounting inconsistency in sender balance; Sender account emptied to zero after transaction; Accounting inconsistency in receiver balance,3.105,lgbm_v1
replay_889,3f2ec6ac-a582-4e31-b682-0e4784050d9b,0.004898,APPROVE,Accounting inconsistency in sender balance; Sender account emptied to zero after transaction; Accounting inconsistency in receiver balance,2.589,lgbm_v1
replay_890,c696e7ad-447c-4334-9940-3a37f12814eb,0.004889,APPROVE,Accounting inconsistency in sender balance; Sender account emptied to zero after transaction; Transaction type is high-risk,2.661,lgbm_v1
replay_891,b578b95d-56f7-44a5-9cff-f012dec2ecf0,0.004846,APPROVE,Accounting inconsistency in sender balance; Sender account emptied to zero after transaction; Accounting inconsistency in receiver balance,2.988,lgbm_v1
replay_892,f43fec6d-070e-471a-8dde-e6c9add1272f,0.004905,APPROVE,Accounting inconsistency in sender balance; Sender account emptied to zero after transaction; Accounting inconsistency in receiver balance,2.843,lgbm_v1
replay_893,82273232-f59d-4e27-aa01-5a035b253fa7,0.004898,APPROVE,Accounting inconsistency in sender balance; Sender account emptied to zero after transaction; Accounting inconsistency in receiver balance,2.695,lgbm_v1
replay_894,3725916c-4451-41fc-b79c-1fdd9427acb3,0.004905,APPROVE,Accounting inconsistency in sender balance; Sender account emptied to zero after transaction; Accounting inconsistency in receiver balance,2.655,lgbm_v1
replay_895,3f6ea7c0-3605-42b1-afaa-1b437de0985d,0.004953,APPROVE,Accounting inconsistency in sender balance; Sender account emptied to zero after transaction; Unusually large transaction amount,3.281,lgbm_v1
replay_896,0d8e2482-f370-4fc6-8a85-8a23070015ed,0.004843,APPROVE,Sender account emptied to zero after transaction; Accounting inconsistency in sender balance; Accounting inconsistency in receiver balance,6.518,lgbm_v1
replay_897,7f2b873d-e5ae-4bc4-9086-652b061c0190,0.004929,APPROVE,Accounting inconsistency in sender balance; Sender account emptied to zero after transaction; Unusually large transaction amount,2.66,lgbm_v1
replay_898,db1a6f00-cbb0-4a69-b87f-1d0d3606844c,0.004853,APPROVE,Transaction type is high-risk; Accounting inconsistency in receiver balance; Sender account emptied to zero after transaction,2.656,lgbm_v1
replay_899,c8002a6b-075e-4abf-a7d1-97172b7d2da4,0.004843,APPROVE,Sender account emptied to zero after transaction; Accounting inconsistency in sender balance; Accounting inconsistency in receiver balance,2.802,lgbm_v1
replay_900,c453254a-2e5d-4a59-86b6-fd4776fa434e,0.004853,APPROVE,Transaction type is high-risk; Unusually large transaction amount; Accounting inconsistency in sender balance,2.811,lgbm_v1
replay_901,74d453a9-79f6-4fc6-9a51-00770273c2be,0.004905,APPROVE,Accounting inconsistency in sender balance; Sender account emptied to zero after transaction; Accounting inconsistency in receiver balance,2.726,lgbm_v1
replay_902,aecfa96d-9f1f-4bf1-881c-ecc0f9e4ecfe,0.004843,APPROVE,Sender account emptied to zero after transaction; Accounting inconsistency in sender balance; Accounting inconsistency in receiver balance,2.909,lgbm_v1
replay_903,f24a8b52-1054-4a71-8932-ee7bc92b095a,0.004902,APPROVE,Accounting inconsistency in sender balance; Sender account emptied to zero after transaction; Unusually large transaction amount,3.19,lgbm_v1
replay_904,b4df977b-7a96-4ee2-a9fd-a0779f0c6978,0.004929,APPROVE,Accounting inconsistency in sender balance; Sender account emptied to zero after transaction; Unusually large transaction amount,2.96,lgbm_v1
replay_905,b63c67fa-1831-444a-8e94-c5fda524ab88,0.004744,APPROVE,Sender account emptied to zero after transaction; Accounting inconsistency in sender balance; Unusually large transaction amount,2.825,lgbm_v1
replay_906,5670838a-26c3-4cb8-a53c-decd6b3dc1a6,0.004905,APPROVE,Accounting inconsistency in sender balance; Sender account emptied to zero after transaction; Accounting inconsistency in receiver balance,2.753,lgbm_v1
replay_907,d1165c96-a382-4d2c-828e-bb9ceba7b7ed,0.004899,APPROVE,Accounting inconsistency in sender balance; Sender account emptied to zero after transaction; Unusually large transaction amount,2.753,lgbm_v1
replay_908,884a4086-763f-4a01-bb83-2edc4841316a,0.004902,APPROVE,Accounting inconsistency in sender balance; Sender account emptied to zero after transaction; Unusually large transaction amount,2.865,lgbm_v1
replay_909,32998b7a-d10b-4d9b-b60a-46a6fb6d08e2,0.004905,APPROVE,Accounting inconsistency in sender balance; Sender account emptied to zero after transaction; Accounting inconsistency in receiver balance,2.674,lgbm_v1
replay_910,25230b9d-5834-4e42-9bc5-08120b6be678,0.004853,APPROVE,Transaction type is high-risk; Accounting inconsistency in receiver balance; Sender account emptied to zero after transaction,3.749,lgbm_v1
replay_911,71091a29-e0bf-4317-a4c2-0cbb9299dc16,0.004853,APPROVE,Transaction type is high-risk; Accounting inconsistency in receiver balance; Unusually large transaction amount,2.892,lgbm_v1
replay_912,6ed7d0fc-b854-476f-ad78-ee6a5d5deddd,0.004898,APPROVE,Accounting inconsistency in sender balance; Sender account emptied to zero after transaction; Transaction type is high-risk,6.175,lgbm_v1
replay_913,76bb59e0-4935-49d3-8e4f-a9ed69f1b0d9,0.004853,APPROVE,Transaction type is high-risk; Unusually large transaction amount; Sender account emptied to zero after transaction,2.824,lgbm_v1
replay_914,07d127d6-a932-4de9-b968-d8aa5829af86,0.004821,APPROVE,Accounting inconsistency in sender balance; Sender account emptied to zero after transaction; Account being drained — amount near full balance,2.69,lgbm_v1
replay_915,09f17e32-f9d5-4c5c-9f16-7b7659eb29fe,0.004853,APPROVE,Transaction type is high-risk; Unusually large transaction amount; Sender account emptied to zero after transaction,2.742,lgbm_v1
replay_916,145ba9f4-00b1-4e84-b726-5ac6cae78855,0.004853,APPROVE,Transaction type is high-risk; Accounting inconsistency in receiver balance; Sender account emptied to zero after transaction,2.78,lgbm_v1
replay_917,f5bcd4d2-5c44-4720-90ee-e15b3f793269,0.004898,APPROVE,Accounting inconsistency in sender balance; Sender account emptied to zero after transaction; Accounting inconsistency in receiver balance,2.875,lgbm_v1
replay_918,eff450b5-49d6-4abf-bf13-a74fdcc9fa36,0.004901,APPROVE,Accounting inconsistency in sender balance; Sender account emptied to zero after transaction; Accounting inconsistency in receiver balance,2.691,lgbm_v1
replay_919,1ceaa6d1-d070-4ae2-ac64-450a53bd873e,0.00481,APPROVE,Accounting inconsistency in sender balance; Sender account emptied to zero after transaction; Unusually large transaction amount,2.594,lgbm_v1
replay_920,1bca7acc-0b0d-46f6-becc-883cadc798e0,0.004901,APPROVE,Accounting inconsistency in sender balance; Sender account emptied to zero after transaction; Accounting inconsistency in receiver balance,3.076,lgbm_v1
replay_921,18c875f6-8fa9-4669-beca-efb91bedfd61,0.004889,APPROVE,Accounting inconsistency in sender balance; Sender account emptied to zero after transaction; Accounting inconsistency in receiver balance,2.594,lgbm_v1
replay_922,01f4f8bb-d7ad-4927-aba1-3e6f4201c691,0.004889,APPROVE,Accounting inconsistency in sender balance; Sender account emptied to zero after transaction; Accounting inconsistency in receiver balance,2.691,lgbm_v1
replay_923,9ab0ea6b-5fd7-41b4-8db4-3c46386e3756,0.004902,APPROVE,Accounting inconsistency in sender balance; Sender account emptied to zero after transaction; Unusually large transaction amount,2.698,lgbm_v1
replay_924,d7545a8d-b123-4796-a681-9c7d49b1cdad,0.004901,APPROVE,Accounting inconsistency in sender balance; Sender account emptied to zero after transaction; Accounting inconsistency in receiver balance,2.659,lgbm_v1
replay_925,caa53fac-1eda-460a-a2f4-c54af1fd678e,0.004843,APPROVE,Sender account emptied to zero after transaction; Accounting inconsistency in sender balance; Accounting inconsistency in receiver balance,2.519,lgbm_v1
replay_926,a21e07f0-fa73-4fd9-ad20-2588b545e93d,0.004794,APPROVE,Accounting inconsistency in sender balance; Sender account emptied to zero after transaction; Unusually large transaction amount,2.704,lgbm_v1
replay_927,ad8c78c7-0db9-46e0-8c1f-b52c09dc59dc,0.004898,APPROVE,Account being drained — amount near full balance; Sender account emptied to zero after transaction; Accounting inconsistency in sender balance,2.615,lgbm_v1
replay_928,1afd8de7-2f6b-405c-9ff3-402c4d03909e,0.005505,APPROVE,Accounting inconsistency in sender balance; Sender account emptied to zero after transaction; Unusually large transaction amount,6.496,lgbm_v1
replay_929,185e8288-a1a0-4151-86eb-59fb48ffc1ef,0.004905,APPROVE,Sender account emptied to zero after transaction; Accounting inconsistency in sender balance; Accounting inconsistency in receiver balance,2.968,lgbm_v1
replay_930,5253bef3-799f-4ede-b286-e4c2de924f32,0.004902,APPROVE,Sender account emptied to zero after transaction; Accounting inconsistency in sender balance; Account being drained — amount near full balance,2.772,lgbm_v1
replay_931,0daaf4b9-b441-424a-8267-2d16d897ec1c,0.004902,APPROVE,Accounting inconsistency in sender balance; Sender account emptied to zero after transaction; Account being drained — amount near full balance,2.682,lgbm_v1
replay_932,71de1b7f-35ab-4a72-9408-8a5b7b410237,0.00481,APPROVE,Accounting inconsistency in sender balance; Sender account emptied to zero after transaction; Accounting inconsistency in receiver balance,2.625,lgbm_v1
replay_933,0724dd6f-03fa-4ce5-9d5e-9fb5914535db,0.004902,APPROVE,Accounting inconsistency in sender balance; Sender account emptied to zero after transaction; Unusually large transaction amount,2.653,lgbm_v1
replay_934,7bdf58ba-50a2-46cd-aff7-eba7890eeb60,0.004853,APPROVE,Transaction type is high-risk; Accounting inconsistency in receiver balance; Unusually large transaction amount,2.742,lgbm_v1
replay_935,b1dcbeb2-27f1-4626-810b-3bee88520204,0.004853,APPROVE,Transaction type is high-risk; Unusually large transaction amount; Sender account emptied to zero after transaction,2.743,lgbm_v1
replay_936,86ae8c41-6c82-4f58-96f0-98aa940b0405,0.004895,APPROVE,Sender account emptied to zero after transaction; Accounting inconsistency in receiver balance; Accounting inconsistency in sender balance,2.7,lgbm_v1
replay_937,17944bb4-0468-49c8-a6fe-fa6a38bb8041,0.004902,APPROVE,Accounting inconsistency in sender balance; Sender account emptied to zero after transaction; Accounting inconsistency in receiver balance,2.669,lgbm_v1
replay_938,9415da42-9dc8-41f8-bfee-ac7fa05c9b48,0.004905,APPROVE,Accounting inconsistency in sender balance; Sender account emptied to zero after transaction; Accounting inconsistency in receiver balance,2.967,lgbm_v1
replay_939,296fdffa-9a9e-465a-9437-47c589bef01b,0.004905,APPROVE,Accounting inconsistency in receiver balance; Accounting inconsistency in sender balance; Sender account emptied to zero after transaction,2.635,lgbm_v1
replay_940,8dc1ba3c-b030-43ca-9f19-ad19c5fd461b,0.004853,APPROVE,Unusually large transaction amount; Sender account emptied to zero after transaction; Account being drained — amount near full balance,2.699,lgbm_v1
replay_941,a1b22e39-a550-4f83-b4ac-227b5e71d3e5,0.004905,APPROVE,Accounting inconsistency in receiver balance; Accounting inconsistency in sender balance; Sender account emptied to zero after transaction,2.795,lgbm_v1
replay_942,fa6fc7c5-f0a9-40ce-a6e9-eb5c33fe7728,0.004853,APPROVE,Accounting inconsistency in sender balance; Transaction type is high-risk; Sender account emptied to zero after transaction,2.637,lgbm_v1
replay_943,be059d00-5b66-4234-9d7c-3800c18373dc,0.004843,APPROVE,Sender account emptied to zero after transaction; Accounting inconsistency in sender balance; Accounting inconsistency in receiver balance,2.76,lgbm_v1
replay_944,3351b150-b3be-49ce-b499-41f2becfcf51,0.004853,APPROVE,Transaction type is high-risk; Accounting inconsistency in receiver balance; Sender account emptied to zero after transaction,2.863,lgbm_v1
replay_945,c0549691-045b-4a2d-97ae-5f6a473fb3c5,0.004902,APPROVE,Accounting inconsistency in sender balance; Sender account emptied to zero after transaction; Accounting inconsistency in receiver balance,2.76,lgbm_v1
replay_946,ff30bd8d-768c-4569-84ea-b885beb84258,0.004853,APPROVE,Transaction type is high-risk; Unusually large transaction amount; Sender account emptied to zero after transaction,4.943,lgbm_v1
replay_947,49489021-e212-48bf-b4c4-130911c44b66,0.004905,APPROVE,Sender account emptied to zero after transaction; Accounting inconsistency in sender balance; Accounting inconsistency in receiver balance,2.901,lgbm_v1
replay_948,1ed68e4e-c960-44b8-9d4a-7343f55a1601,0.004898,APPROVE,Accounting inconsistency in sender balance; Sender account emptied to zero after transaction; Account being drained — amount near full balance,2.634,lgbm_v1
replay_949,8b969e73-111d-4ee0-9bc4-8cab77a4a142,0.004843,APPROVE,Sender account emptied to zero after transaction; Accounting inconsistency in sender balance; Accounting inconsistency in receiver balance,2.615,lgbm_v1
replay_950,dbc3aafb-3e2e-4635-9e7d-de43dcd92684,0.004889,APPROVE,Accounting inconsistency in sender balance; Sender account emptied to zero after transaction; Accounting inconsistency in receiver balance,2.618,lgbm_v1
replay_951,1576b0a9-4cf6-4087-bd94-2bd615898900,0.004786,APPROVE,Accounting inconsistency in sender balance; Sender account emptied to zero after transaction; Accounting inconsistency in receiver balance,2.796,lgbm_v1
replay_952,1bd85136-5aa9-422b-82f9-6790f4f136d7,0.004898,APPROVE,Accounting inconsistency in sender balance; Sender account emptied to zero after transaction; Account being drained — amount near full balance,2.621,lgbm_v1
replay_953,29bc0269-87e1-4502-8acc-c396dff1c390,0.004843,APPROVE,Sender account emptied to zero after transaction; Accounting inconsistency in sender balance; Accounting inconsistency in receiver balance,2.58,lgbm_v1
replay_954,7a753e68-ae22-478b-856f-d9293e84f5b6,0.004902,APPROVE,Accounting inconsistency in sender balance; Sender account emptied to zero after transaction; Account being drained — amount near full balance,2.804,lgbm_v1
replay_955,311ccc68-76e2-4f00-ab85-47ccc8b12b6f,0.004898,APPROVE,Accounting inconsistency in sender balance; Sender account emptied to zero after transaction; Unusually large transaction amount,2.656,lgbm_v1
replay_956,af805f50-48d7-4646-a2a0-8879f7bc0609,0.004843,APPROVE,Sender account emptied to zero after transaction; Accounting inconsistency in sender balance; Accounting inconsistency in receiver balance,2.657,lgbm_v1
replay_957,050cd6d5-444b-40e5-9b70-ded8785e5b74,0.004866,APPROVE,Accounting inconsistency in sender balance; Sender account emptied to zero after transaction; Accounting inconsistency in receiver balance,2.571,lgbm_v1
replay_958,1fd4351d-6fa1-4879-b456-1c089168f25b,0.004905,APPROVE,Accounting inconsistency in sender balance; Sender account emptied to zero after transaction; Accounting inconsistency in receiver balance,2.686,lgbm_v1
replay_959,4f25da7b-7a9f-40f5-b5b9-66b4cb7ef55d,0.004744,APPROVE,Sender account emptied to zero after transaction; Accounting inconsistency in sender balance; Unusually large transaction amount,2.629,lgbm_v1
replay_960,151a8ea7-b498-43f6-bda9-309ff5bc968a,0.004889,APPROVE,Accounting inconsistency in sender balance; Sender account emptied to zero after transaction; Account being drained — amount near full balance,2.997,lgbm_v1
replay_961,93ab4200-7feb-403c-9004-76e069899143,0.00481,APPROVE,Accounting inconsistency in sender balance; Sender account emptied to zero after transaction; Unusually large transaction amount,2.701,lgbm_v1
replay_962,42f0c95e-09f7-4534-ae0d-d970eff67e65,0.004902,APPROVE,Accounting inconsistency in sender balance; Sender account emptied to zero after transaction; Transaction type is high-risk,2.626,lgbm_v1
replay_963,c057a3ec-20b3-4771-aeb2-ed4afdf9ddb3,0.004902,APPROVE,Accounting inconsistency in sender balance; Sender account emptied to zero after transaction; Accounting inconsistency in receiver balance,6.785,lgbm_v1
replay_964,16d521a4-123f-4a39-8550-44a647b94c0f,0.004843,APPROVE,Sender account emptied to zero after transaction; Accounting inconsistency in receiver balance; Accounting inconsistency in sender balance,3.127,lgbm_v1
replay_965,aa112e91-b90d-4cbb-b9dc-79120743496c,0.004902,APPROVE,Accounting inconsistency in sender balance; Sender account emptied to zero after transaction; Account being drained — amount near full balance,2.626,lgbm_v1
replay_966,8f8b906e-c1c2-4a9e-9c74-210cdafc6c84,0.004853,APPROVE,Transaction type is high-risk; Accounting inconsistency in receiver balance; Sender account emptied to zero after transaction,2.724,lgbm_v1
replay_967,8f2ac6e5-1555-4a62-b8e2-5eb2865bf514,0.004853,APPROVE,Transaction type is high-risk; Accounting inconsistency in receiver balance; Sender account emptied to zero after transaction,2.657,lgbm_v1
replay_968,4a6464bd-0d2e-438f-b092-3fc057d8097e,0.004901,APPROVE,Accounting inconsistency in sender balance; Sender account emptied to zero after transaction; Accounting inconsistency in receiver balance,2.596,lgbm_v1
replay_969,619ca169-8822-4bde-95ea-da24acb366cd,0.00481,APPROVE,Accounting inconsistency in sender balance; Sender account emptied to zero after transaction; Unusually large transaction amount,2.687,lgbm_v1
replay_970,cb5a2ee3-24ce-4b54-9dc1-46c5a82c650e,0.004902,APPROVE,Accounting inconsistency in sender balance; Sender account emptied to zero after transaction; Unusually large transaction amount,2.601,lgbm_v1
replay_971,ccaf1862-0434-4e2e-87b7-683d681ef22e,0.004853,APPROVE,Transaction type is high-risk; Accounting inconsistency in receiver balance; Sender account emptied to zero after transaction,2.655,lgbm_v1
replay_972,69baa994-db12-4a68-b854-a28acdd9e5cb,0.004901,APPROVE,Accounting inconsistency in sender balance; Sender account emptied to zero after transaction; Accounting inconsistency in receiver balance,2.767,lgbm_v1
replay_973,1caa6a96-d05c-42e5-8f57-1447c35927b2,0.004905,APPROVE,Accounting inconsistency in sender balance; Sender account emptied to zero after transaction; Accounting inconsistency in receiver balance,2.918,lgbm_v1
replay_974,8af4536a-0fa8-49cf-8ea2-0bad5ec2b7af,0.004853,APPROVE,Transaction type is high-risk; Accounting inconsistency in receiver balance; Unusually large transaction amount,2.604,lgbm_v1
replay_975,46d61b49-7bfd-4dc1-ba42-7ceb418420e8,0.004898,APPROVE,Accounting inconsistency in sender balance; Sender account emptied to zero after transaction; Accounting inconsistency in receiver balance,2.792,lgbm_v1
replay_976,5f100ce6-06b8-4309-aaf1-d6eae920e0c5,0.004902,APPROVE,Accounting inconsistency in sender balance; Sender account emptied to zero after transaction; Account being drained — amount near full balance,2.674,lgbm_v1
replay_977,95b1bcf9-9614-4c9a-b75b-20d86919af6d,0.004905,APPROVE,Accounting inconsistency in receiver balance; Accounting inconsistency in sender balance; Account being drained — amount near full balance,2.607,lgbm_v1
replay_978,569721a1-7de9-4350-b708-c86fb63d7bcc,0.010629,APPROVE,Sender account emptied to zero after transaction; Accounting inconsistency in sender balance; Accounting inconsistency in receiver balance,3.239,lgbm_v1
replay_979,7f85d3cf-f1e7-4adc-83b0-aceef97e783a,0.004853,APPROVE,Transaction type is high-risk; Accounting inconsistency in receiver balance; Sender account emptied to zero after transaction,2.882,lgbm_v1
replay_980,d48ab96b-93c3-43f9-a6b2-52542c8969f4,0.004853,APPROVE,Transaction type is high-risk; Accounting inconsistency in receiver balance; Unusually large transaction amount,2.66,lgbm_v1
replay_981,0946ea21-5cf9-49c0-95d7-90125f96f119,0.004902,APPROVE,Accounting inconsistency in sender balance; Sender account emptied to zero after transaction; Unusually large transaction amount,2.71,lgbm_v1
replay_982,e13a3f15-1d3a-4c7c-be8e-aece2d415af4,0.004898,APPROVE,Accounting inconsistency in sender balance; Sender account emptied to zero after transaction; Accounting inconsistency in receiver balance,3.205,lgbm_v1
replay_983,c43e4339-0829-4527-a2f4-b59c8dcce3c6,0.004902,APPROVE,Accounting inconsistency in sender balance; Sender account emptied to zero after transaction; Account being drained — amount near full balance,2.831,lgbm_v1
replay_984,4d9a26fc-1b3a-4299-80fc-4572a5d4f885,0.004902,APPROVE,Accounting inconsistency in sender balance; Sender account emptied to zero after transaction; Unusually large transaction amount,3.206,lgbm_v1
replay_985,584a8a05-6e5b-4826-9494-3791c9967f11,0.004889,APPROVE,Accounting inconsistency in sender balance; Sender account emptied to zero after transaction; Accounting inconsistency in receiver balance,2.728,lgbm_v1
replay_986,5704bd83-3145-4742-b221-e4d2b608a27b,0.004853,APPROVE,Accounting inconsistency in receiver balance; Transaction type is high-risk; Unusually large transaction amount,2.757,lgbm_v1
replay_987,eb463c23-f139-4172-9828-41296edb8a51,0.004905,APPROVE,Sender account emptied to zero after transaction; Accounting inconsistency in sender balance; Accounting inconsistency in receiver balance,2.608,lgbm_v1
replay_988,1c893cfc-f0b4-441c-87aa-71c899064257,0.004901,APPROVE,Accounting inconsistency in sender balance; Sender account emptied to zero after transaction; Accounting inconsistency in receiver balance,2.641,lgbm_v1
replay_989,73b3f989-ef0d-402d-8c46-c98bb9997b63,0.004905,APPROVE,Accounting inconsistency in sender balance; Sender account emptied to zero after transaction; Account being drained — amount near full balance,3.578,lgbm_v1
replay_990,981bc8fa-d834-40ad-88e7-e3037e14f479,0.019415,APPROVE,Sender account emptied to zero after transaction; Accounting inconsistency in receiver balance; Accounting inconsistency in sender balance,3.151,lgbm_v1
replay_991,9af6a853-3d47-47d9-8b45-c9013c8cc063,0.004901,APPROVE,Accounting inconsistency in sender balance; Sender account emptied to zero after transaction; Accounting inconsistency in receiver balance,2.74,lgbm_v1
replay_992,f171ab34-87cb-44ea-94f0-551a42a08733,0.004906,APPROVE,Accounting inconsistency in sender balance; Sender account emptied to zero after transaction; Unusually large transaction amount,2.728,lgbm_v1
replay_993,5904f4d3-9f34-424c-8f9a-0756626a2f1f,0.004843,APPROVE,Sender account emptied to zero after transaction; Accounting inconsistency in sender balance; Accounting inconsistency in receiver balance,2.78,lgbm_v1
replay_994,5b3b91d3-b49c-4f32-9e44-874f365a11f6,0.004905,APPROVE,Accounting inconsistency in sender balance; Sender account emptied to zero after transaction; Accounting inconsistency in receiver balance,2.623,lgbm_v1
replay_995,9a69259b-e9da-4b3c-9c20-4d4842ea1fa1,0.004853,APPROVE,Accounting inconsistency in receiver balance; Unusually large transaction amount; Transaction type is high-risk,3.437,lgbm_v1
replay_996,c36e5661-df87-4de1-a866-bbc6a378d429,0.004885,APPROVE,Accounting inconsistency in sender balance; Sender account emptied to zero after transaction; Unusually large transaction amount,3.143,lgbm_v1
replay_997,8777fe7f-4f81-43c1-9d19-4e9b47a8932c,0.004889,APPROVE,Accounting inconsistency in sender balance; Sender account emptied to zero after transaction; Accounting inconsistency in receiver balance,2.791,lgbm_v1
replay_998,f98c1d59-7ca0-4eaf-bdfa-ad68470ec59e,0.004901,APPROVE,Accounting inconsistency in sender balance; Sender account emptied to zero after transaction; Accounting inconsistency in receiver balance,2.707,lgbm_v1
replay_999,43d900cd-359f-44f9-99c5-ddc664730ec8,0.004902,APPROVE,Accounting inconsistency in sender balance; Sender account emptied to zero after transaction; Accounting inconsistency in receiver balance,2.605,lgbm_v1
